# vtk DataFile Version 3.0
# Triangle surface mesh written by OVITO Pro 3.14.1
ASCII
DATASET UNSTRUCTURED_GRID
POINTS 2766 double
114.42232228 136.1681146 0.60864831
116.75747171 137.51631375 114.06686829
114.42232228 133.47171629 114.04698053
137.77381662 138.86451291 78.87820325
137.77381662 141.56091121 76.97279298
135.43866718 140.21271206 80.77720993
0.0 142.90911037 81.75051292
0.0 142.90911037 78.89055063
0.0 140.21271206 80.79634182
119.09262114 128.07891967 109.29158646
121.42777058 129.42711883 105.49276706
119.09262114 130.77531798 107.3900657
137.77381662 109.20413151 114.17016163
135.43866718 113.24872897 114.14908099
137.77381662 111.90052982 0.71930154
137.77381662 117.29332644 114.15627582
135.43866718 121.3379239 114.14094312
137.77381662 119.98972474 0.70836067
126.09806945 132.12351713 97.89238553
123.76292001 133.47171629 99.79009569
123.76292001 130.77531798 101.69301251
35.02724151 71.45455518 12.98881349
35.02724151 71.45455518 10.1288512
35.02724151 74.15095349 12.8363791
105.08172454 74.15095349 69.63780768
107.41687397 72.80275434 68.73723012
107.41687397 72.80275434 71.59719241
105.08172454 74.15095349 52.47803392
105.08172454 74.15095349 55.33799621
105.08172454 71.45455518 53.24388507
126.09806945 0.0 111.8194606
126.09806945 0.0 108.95949831
130.76836831 0.0 111.80414357
135.43866718 0.0 83.18955633
133.10351775 1.34819915 85.10486523
130.76836831 0.0 83.20452064
133.10351775 144.25730952 80.77217922
105.08172454 74.15095349 98.23743062
105.08172454 74.15095349 101.09739291
105.08172454 71.45455518 99.00328176
35.02724151 74.15095349 67.17566268
35.02724151 71.45455518 64.46813477
35.02724151 74.15095349 64.31570038
37.36239095 72.80275434 55.6655467
35.02724151 71.45455518 55.88824789
37.36239095 72.80275434 58.52550899
35.02724151 71.45455518 53.0282856
35.02724151 74.15095349 55.7358135
35.02724151 74.15095349 104.35517249
35.02724151 71.45455518 101.64764459
35.02724151 74.15095349 101.4952102
0.0 0.0 80.31252291
37.36239095 72.80275434 47.08565982
35.02724151 74.15095349 47.15592662
35.02724151 74.15095349 44.29596433
35.02724151 71.45455518 15.84877578
37.36239095 72.80275434 18.48603689
37.36239095 72.80275434 15.62607459
35.02724151 71.45455518 18.70873808
0.0 107.85593235 103.70420459
0.0 107.85593235 106.56416688
0.0 110.55233066 104.6508841
137.77381662 141.56091121 114.15230279
133.10351775 141.56091121 114.13610883
135.43866718 142.90911037 1.65335139
121.42777058 137.51631375 114.08622915
119.09262114 141.56091121 114.08461178
121.42777058 126.73072052 107.39525459
137.77381662 138.86451291 1.65922132
135.43866718 137.51631375 114.14191895
116.75747171 142.90911037 101.6856922
116.75747171 140.21271206 103.58636582
119.09262114 141.56091121 99.78480032
128.43321888 130.77531798 95.99521495
128.43321888 133.47171629 94.09094718
126.09806945 118.64152559 107.41539916
123.76292001 119.98972474 109.30795076
123.76292001 117.29332644 111.2129589
126.09806945 115.94512728 0.64321026
123.76292001 117.29332644 114.07292119
128.43321888 117.29332644 114.10328867
128.43321888 122.68612305 101.71039883
126.09806945 124.03432221 103.60474941
126.09806945 121.3379239 105.50976638
114.42232228 136.1681146 109.28721546
112.08717284 134.81991544 113.08675025
114.42232228 133.47171629 111.18701824
130.76836831 121.3379239 99.81651434
128.43321888 119.98972474 103.61653975
135.43866718 121.3379239 94.12120707
135.43866718 124.03432221 92.2134313
133.10351775 122.68612305 96.01544264
133.10351775 119.98972474 97.92298555
112.08717284 137.51631375 114.04761951
130.76836831 107.85593235 109.36237178
128.43321888 106.5077332 113.16118632
130.76836831 105.15953405 111.2753077
137.77381662 128.07891967 0.70433629
137.77381662 125.38252136 114.15023571
135.43866718 129.42711883 114.13931959
137.77381662 133.47171629 114.14951563
137.77381662 136.1681146 0.70495611
128.43321888 125.38252136 114.10467333
133.10351775 125.38252136 114.12829235
130.76836831 121.3379239 114.11632581
137.77381662 111.90052982 97.95801952
135.43866718 110.55233066 101.76060172
137.77381662 109.20413151 99.87035016
135.43866718 115.94512728 97.9390129
133.10351775 114.59692813 101.74048638
135.43866718 113.24872897 99.84926952
137.77381662 106.5077332 1.68523404
135.43866718 105.15953405 114.16697899
119.09262114 128.07891967 0.61301931
119.09262114 125.38252136 111.19328857
116.75747171 126.73072052 113.08940769
119.09262114 125.38252136 114.05325087
135.43866718 97.07033912 111.3389041
137.77381662 95.72213996 109.45327454
137.77381662 98.41853827 107.53339889
133.10351775 101.11493658 114.16521937
137.77381662 101.11493658 114.19518624
121.42777058 118.64152559 113.10482835
105.08172454 74.15095349 109.67727979
107.41687397 72.80275434 108.77670222
107.41687397 72.80275434 111.63666452
128.43321888 125.38252136 99.80486186
123.76292001 128.07891967 103.59618114
123.76292001 125.38252136 105.49966985
126.09806945 126.73072052 101.70023915
121.42777058 121.3379239 111.20119139
137.77381662 103.81133489 0.74020781
126.09806945 115.94512728 109.32177741
123.76292001 114.59692813 113.11872686
126.09806945 113.24872897 111.22905536
105.08172454 74.15095349 106.8173175
121.42777058 132.12351713 103.59050193
116.75747171 132.12351713 109.28813437
116.75747171 134.81991544 107.38756152
119.09262114 133.47171629 105.48866922
107.41687397 0.0 111.88019478
109.75202341 141.56091121 111.19021854
109.75202341 144.25730952 109.29129811
107.41687397 72.80275434 97.33685305
105.08172454 74.15095349 95.37746832
107.41687397 72.80275434 94.47689076
107.41687397 72.80275434 85.89700388
107.41687397 72.80275434 88.75696617
105.08172454 74.15095349 86.79758144
135.43866718 107.85593235 103.67315618
137.77381662 106.5077332 101.78391431
137.77381662 114.59692813 96.04679046
137.77381662 117.29332644 94.13653976
126.09806945 129.42711883 99.7961437
128.43321888 128.07891967 97.89982895
133.10351775 125.38252136 94.1085563
130.76836831 124.03432221 97.90996125
135.43866718 118.64152559 96.02969866
119.09262114 136.1681146 103.5873504
128.43321888 141.56091121 88.37964531
126.09806945 142.90911037 90.27955852
126.09806945 140.21271206 92.18252886
123.76292001 141.56091121 94.08233022
123.76292001 138.86451291 95.98479845
128.43321888 136.1681146 92.18696366
130.76836831 137.51631375 88.384339
128.43321888 138.86451291 90.28321144
128.43321888 144.25730952 0.67735784
105.08172454 74.15095349 0.99871264
105.08172454 71.45455518 1.76456378
105.08172454 71.45455518 113.30309323
35.02724151 71.45455518 113.08749376
35.02724151 71.45455518 1.54896432
37.36239095 72.80275434 1.32626313
105.08172454 74.15095349 12.43856181
105.08172454 74.15095349 9.57859952
107.41687397 72.80275434 11.53798425
105.08172454 71.45455518 21.78429984
107.41687397 72.80275434 20.11787113
105.08172454 71.45455518 18.92433755
107.41687397 72.80275434 25.83779571
105.08172454 71.45455518 24.64426213
105.08172454 71.45455518 27.50422443
105.08172454 74.15095349 18.1584864
107.41687397 72.80275434 17.25790883
107.41687397 72.80275434 51.57745636
105.08172454 71.45455518 50.38392277
107.41687397 72.80275434 54.43741865
105.08172454 74.15095349 26.73837328
105.08172454 74.15095349 35.31826016
105.08172454 74.15095349 32.45829787
107.41687397 72.80275434 34.41768259
105.08172454 74.15095349 29.59833557
105.08172454 71.45455518 30.36418672
107.41687397 72.80275434 65.87726782
105.08172454 74.15095349 63.91788309
107.41687397 72.80275434 63.01730553
105.08172454 74.15095349 61.0579208
107.41687397 72.80275434 37.27764489
105.08172454 71.45455518 36.08411131
107.41687397 72.80275434 28.69775801
107.41687397 72.80275434 31.5577203
105.08172454 74.15095349 3.85867493
105.08172454 71.45455518 4.62452608
105.08172454 74.15095349 15.29852411
105.08172454 71.45455518 16.06437525
105.08172454 71.45455518 10.34445066
119.09262114 144.25730952 0.64479466
121.42777058 0.0 0.29642422
121.42777058 142.90911037 1.6038933
126.09806945 142.90911037 1.62072742
123.76292001 141.56091121 114.10206628
126.09806945 0.0 0.28093116
123.76292001 144.25730952 0.66114203
130.76836831 0.0 0.26561413
133.10351775 144.25730952 0.693235
130.76836831 142.90911037 1.63727725
137.77381662 1.34819915 79.36981901
135.43866718 0.0 77.46963174
0.0 0.0 77.45256061
135.43866718 0.0 88.90948092
135.43866718 0.0 86.04951862
137.77381662 1.34819915 87.94970589
121.42777058 0.0 100.39510449
116.75747171 0.0 100.41055999
119.09262114 144.25730952 97.88351264
130.76836831 0.0 100.3642944
135.43866718 0.0 103.20929239
130.76836831 0.0 103.22425669
114.42232228 144.25730952 103.58720603
116.75747171 0.0 106.13048458
112.08717284 0.0 106.14565586
126.09806945 0.0 103.23957372
130.76836831 0.0 106.08421898
126.09806945 0.0 100.37961143
121.42777058 0.0 111.83495366
121.42777058 0.0 108.97499137
105.08172454 74.15095349 66.77784539
105.08172454 71.45455518 64.68373424
105.08172454 74.15095349 83.93761915
105.08172454 71.45455518 84.70347029
107.41687397 72.80275434 91.61692846
105.08172454 74.15095349 92.51750603
105.08172454 74.15095349 89.65754373
105.08172454 74.15095349 72.49776997
107.41687397 72.80275434 74.4571547
105.08172454 74.15095349 75.35773227
107.41687397 72.80275434 100.19681534
116.75747171 0.0 103.27052228
114.42232228 141.56091121 105.48732573
130.76836831 0.0 108.94418128
135.43866718 0.0 111.78917927
121.42777058 0.0 97.53514219
121.42777058 142.90911037 95.98264898
121.42777058 0.0 94.6751799
123.76292001 1.34819915 96.57621292
37.36239095 72.80275434 104.28490569
37.36239095 72.80275434 101.4249434
35.02724151 71.45455518 73.04802165
37.36239095 72.80275434 72.82532046
35.02724151 71.45455518 70.18805936
35.02724151 71.45455518 61.60817248
35.02724151 71.45455518 47.30836101
35.02724151 74.15095349 50.01588892
37.36239095 72.80275434 75.68528276
37.36239095 72.80275434 61.38547129
37.36239095 72.80275434 64.24543358
35.02724151 74.15095349 61.45573809
137.77381662 1.34819915 93.66963047
0.0 0.0 91.75237208
0.0 142.90911037 93.19036209
0.0 0.0 94.61233437
137.77381662 1.34819915 110.82940424
135.43866718 0.0 108.92921697
0.0 0.0 108.91214584
137.77381662 1.34819915 107.96944194
0.0 142.90911037 90.3303998
137.77381662 1.34819915 90.80966818
0.0 0.0 88.89240979
137.77381662 1.34819915 85.08974359
0.0 0.0 83.1724852
0.0 142.90911037 84.61047521
0.0 0.0 86.03244749
35.02724151 71.45455518 27.28862496
37.36239095 72.80275434 27.06592377
35.02724151 71.45455518 24.42866267
37.36239095 72.80275434 35.64581065
37.36239095 72.80275434 32.78584835
35.02724151 71.45455518 33.00854955
35.02724151 74.15095349 29.99615286
35.02724151 74.15095349 32.85611515
37.36239095 72.80275434 24.20596147
35.02724151 71.45455518 44.44839872
35.02724151 71.45455518 41.58843643
35.02724151 71.45455518 50.16832331
37.36239095 72.80275434 49.94562211
37.36239095 72.80275434 52.80558441
37.36239095 72.80275434 44.22569753
37.36239095 72.80275434 112.86479257
35.02724151 74.15095349 24.27622827
35.02724151 71.45455518 21.56870037
35.02724151 74.15095349 21.41626598
107.41687397 72.80275434 5.81805966
107.41687397 72.80275434 8.67802195
105.08172454 74.15095349 6.71863722
37.36239095 72.80275434 7.04618771
35.02724151 71.45455518 7.2688889
37.36239095 72.80275434 9.90615001
35.02724151 71.45455518 4.40892661
0.0 140.21271206 95.09615329
0.0 137.51631375 94.14226732
0.0 137.51631375 97.00222961
137.77381662 125.38252136 88.41057506
0.0 129.42711883 88.42280315
137.77381662 128.07891967 86.50320509
0.0 137.51631375 85.56238044
0.0 134.81991544 84.60882158
0.0 134.81991544 87.46878388
0.0 140.21271206 83.65630412
0.0 137.51631375 82.70241815
0.0 126.73072052 90.33049211
0.0 129.42711883 91.28276544
0.0 129.42711883 94.14272773
0.0 132.12351713 92.23552369
0.0 137.51631375 88.42234273
137.77381662 122.68612305 90.31853021
35.02724151 71.45455518 78.76794624
35.02724151 71.45455518 81.62790853
37.36239095 72.80275434 81.40520734
37.36239095 72.80275434 95.70501881
35.02724151 74.15095349 95.77528561
35.02724151 74.15095349 92.91532332
37.36239095 72.80275434 89.98509422
35.02724151 74.15095349 87.19539873
37.36239095 72.80275434 87.12513193
35.02724151 71.45455518 58.74821019
35.02724151 74.15095349 75.75554956
35.02724151 74.15095349 72.89558726
35.02724151 71.45455518 110.22753147
37.36239095 72.80275434 110.00483028
35.02724151 71.45455518 107.36756918
35.02724151 71.45455518 104.50760688
35.02724151 74.15095349 107.21513478
0.0 132.12351713 100.81541057
0.0 134.81991544 101.76859534
0.0 134.81991544 98.90863305
35.02724151 74.15095349 112.93505937
35.02724151 74.15095349 110.07509708
0.0 134.81991544 110.34848222
0.0 107.85593235 109.42412917
0.0 105.15953405 108.47863773
0.0 105.15953405 111.33860003
0.0 113.24872897 99.87872035
0.0 126.73072052 98.91037899
0.0 126.73072052 101.77034128
0.0 129.42711883 99.86265232
0.0 126.73072052 96.0504167
0.0 124.03432221 97.95865537
0.0 124.03432221 92.23873078
0.0 115.94512728 100.82745858
0.0 115.94512728 103.68742087
0.0 118.64152559 101.77707524
0.0 113.24872897 105.59864493
0.0 110.55233066 107.51084639
0.0 142.90911037 107.49017356
0.0 140.21271206 106.53600246
0.0 140.21271206 109.39596476
0.0 121.3379239 102.72747763
0.0 121.3379239 99.86751534
0.0 132.12351713 109.39529745
0.0 134.81991544 107.48851993
0.0 137.51631375 105.58211649
0.0 134.81991544 104.62855764
0.0 140.21271206 89.3762287
0.0 137.51631375 91.28230503
0.0 140.21271206 92.236191
0.0 124.03432221 100.81861766
0.0 124.03432221 103.67857996
0.0 142.90911037 104.63021127
0.0 140.21271206 103.67604017
0.0 132.12351713 95.09548598
0.0 134.81991544 96.04867076
0.0 134.81991544 93.18870846
0.0 132.12351713 106.53533516
0.0 126.73072052 107.49026587
0.0 124.03432221 109.39850454
0.0 126.73072052 110.35022816
130.76836831 137.51631375 114.12399964
133.10351775 133.47171629 114.1306156
116.75747171 129.42711883 111.18873518
126.09806945 137.51631375 114.10536524
128.43321888 141.56091121 114.11930595
119.09262114 122.68612305 113.09524195
121.42777058 124.03432221 0.6194673
114.42232228 141.56091121 114.06721261
112.08717284 140.21271206 0.60983208
116.75747171 142.90911037 1.58701193
119.09262114 138.86451291 101.68607113
116.75747171 137.51631375 105.48698141
112.08717284 142.90911037 107.38896698
128.43321888 133.47171629 114.11068324
126.09806945 137.51631375 94.08562919
112.08717284 137.51631375 111.18765722
114.42232228 138.86451291 107.38732415
112.08717284 140.21271206 109.28839923
121.42777058 140.21271206 97.88451113
126.09806945 134.81991544 95.98889914
121.42777058 137.51631375 99.78641768
123.76292001 144.25730952 92.17993542
130.76836831 129.42711883 94.0985205
130.76836831 126.73072052 96.00399356
133.10351775 128.07891967 92.20223251
133.10351775 136.1681146 86.48586751
135.43866718 137.51631375 82.68233372
133.10351775 138.86451291 84.58107273
137.77381662 130.77531798 1.65743916
130.76836831 129.42711883 114.11825656
133.10351775 101.11493658 111.30525708
133.10351775 98.41853827 113.22331251
135.43866718 99.76673743 109.41979182
133.10351775 117.29332644 114.13110406
133.10351775 111.90052982 103.65070613
137.77381662 119.98972474 92.22715406
133.10351775 117.29332644 99.83129259
135.43866718 105.15953405 105.58709211
133.10351775 106.5077332 107.47486992
133.10351775 103.81133489 109.38918291
123.76292001 122.68612305 107.40356037
121.42777058 129.42711883 114.07265394
135.43866718 126.73072052 90.30627654
121.42777058 134.81991544 101.68840142
130.76836831 132.12351713 92.19346381
123.76292001 136.1681146 97.88737359
119.09262114 133.47171629 114.0685561
121.42777058 124.03432221 109.29803445
121.42777058 121.3379239 114.06115368
114.42232228 130.77531798 113.08675638
116.75747171 132.12351713 0.60956722
126.09806945 121.3379239 114.08965326
123.76292001 125.38252136 114.07955673
116.75747171 129.42711883 114.04869747
137.77381662 114.59692813 1.66803478
128.43321888 117.29332644 105.52340179
130.76836831 118.64152559 101.72375801
130.76836831 113.24872897 105.54082312
130.76836831 110.55233066 107.45094719
130.76836831 115.94512728 103.63181405
135.43866718 99.76673743 0.74122467
128.43321888 114.59692813 107.43112238
133.10351775 109.20413151 105.56210882
123.76292001 119.98972474 0.62938361
128.43321888 111.90052982 109.33986256
130.76836831 113.24872897 114.12071
126.09806945 129.42711883 114.09595517
126.09806945 113.24872897 114.08901765
123.76292001 133.47171629 114.08990715
133.10351775 109.20413151 114.1419957
128.43321888 109.20413151 111.24981071
137.77381662 122.68612305 1.65969911
133.10351775 103.81133489 0.71061576
128.43321888 111.90052982 0.66129541
135.43866718 97.07033912 114.1988664
137.77381662 98.41853827 1.71479403
137.77381662 103.81133489 103.69885038
135.43866718 102.46313574 107.50257895
137.77381662 101.11493658 105.61529936
137.77381662 95.72213996 0.77470739
135.43866718 94.37394081 113.26007604
137.77381662 93.02574166 111.37502807
126.09806945 110.55233066 113.13741663
128.43321888 109.20413151 114.109773
130.76836831 102.46313574 113.18999165
130.76836831 105.15953405 114.13527
130.76836831 107.85593235 0.68380463
105.08172454 74.15095349 103.9573552
107.41687397 72.80275434 103.05677764
107.41687397 72.80275434 105.91673993
105.08172454 71.45455518 101.86324406
105.08172454 71.45455518 87.56343259
107.41687397 72.80275434 83.03704158
105.08172454 71.45455518 96.14331947
105.08172454 71.45455518 93.28335717
105.08172454 71.45455518 107.58316864
105.08172454 71.45455518 110.44313094
105.08172454 71.45455518 104.72320635
105.08172454 74.15095349 112.53724208
109.75202341 141.56091121 114.05018084
109.75202341 144.25730952 0.61273096
107.41687397 142.90911037 113.09278571
112.08717284 142.90911037 1.57036212
109.75202341 138.86451291 113.08890276
107.41687397 72.80275434 57.29738094
105.08172454 74.15095349 58.19795851
107.41687397 72.80275434 60.15734324
105.08172454 71.45455518 67.54369653
105.08172454 71.45455518 61.82377195
105.08172454 71.45455518 70.40365883
107.41687397 72.80275434 77.317117
105.08172454 74.15095349 78.21769456
105.08172454 71.45455518 90.42339488
105.08172454 74.15095349 81.07765685
130.76836831 142.90911037 84.57618376
128.43321888 144.25730952 86.47622664
130.76836831 134.81991544 90.28875602
133.10351775 130.77531798 90.29638923
130.76836831 140.21271206 86.48016264
133.10351775 133.47171629 88.39095496
135.43866718 129.42711883 88.39965894
133.10351775 141.56091121 82.6765236
137.77381662 130.77531798 84.59634567
135.43866718 132.12351713 86.49350463
135.43866718 134.81991544 84.58774859
137.77381662 136.1681146 80.78390033
137.77381662 133.47171629 82.6899304
135.43866718 142.90911037 78.87233331
126.09806945 0.0 88.93976225
112.08717284 0.0 111.86558044
116.75747171 0.0 111.85040916
114.42232228 144.25730952 0.62856346
107.41687397 72.80275434 14.39794654
105.08172454 74.15095349 23.87841099
107.41687397 72.80275434 2.95809737
107.41687397 72.80275434 0.09813507
105.08172454 71.45455518 13.20441296
105.08172454 71.45455518 7.48448837
105.08172454 74.15095349 21.01844869
107.41687397 72.80275434 22.97783342
105.08172454 74.15095349 38.17822245
105.08172454 71.45455518 33.22414901
107.41687397 72.80275434 42.99756947
105.08172454 74.15095349 43.89814704
105.08172454 74.15095349 41.03818475
107.41687397 72.80275434 40.13760718
105.08172454 74.15095349 46.75810933
107.41687397 72.80275434 45.85753177
105.08172454 71.45455518 44.66399819
107.41687397 72.80275434 48.71749406
105.08172454 74.15095349 49.61807163
105.08172454 71.45455518 41.80403589
105.08172454 71.45455518 47.52396048
105.08172454 71.45455518 56.10384736
105.08172454 71.45455518 58.96380965
105.08172454 71.45455518 38.9440736
116.75747171 0.0 0.31187972
135.43866718 0.0 0.25064982
137.77381662 144.25730952 0.70860911
112.08717284 0.0 0.327051
0.0 0.0 111.77210813
0.0 142.90911037 113.21009815
130.76836831 0.0 86.06448293
135.43866718 0.0 91.76944321
135.43866718 0.0 80.32959404
137.77381662 1.34819915 82.2297813
135.43866718 0.0 94.62940551
130.76836831 0.0 88.92444522
128.43321888 1.34819915 90.84038382
130.76836831 0.0 91.78440752
126.09806945 0.0 91.79972455
126.09806945 0.0 94.65968684
121.42777058 0.0 106.11502907
126.09806945 0.0 106.09953601
126.09806945 0.0 97.51964913
135.43866718 0.0 100.34933009
130.76836831 0.0 97.5043321
135.43866718 0.0 97.4893678
135.43866718 0.0 106.06925468
137.77381662 1.34819915 102.24951735
137.77381662 1.34819915 105.10947965
130.76836831 0.0 94.64436981
137.77381662 1.34819915 99.38955506
137.77381662 1.34819915 96.52959277
114.42232228 1.34819915 108.0479542
116.75747171 0.0 108.99044687
112.08717284 0.0 109.00561815
119.09262114 1.34819915 102.31215004
121.42777058 0.0 103.25506678
0.0 0.0 100.33225896
0.0 0.0 106.05218355
107.41687397 72.80275434 80.17707929
105.08172454 71.45455518 78.98354571
105.08172454 71.45455518 81.843508
105.08172454 71.45455518 76.12358341
105.08172454 71.45455518 73.26362112
35.02724151 71.45455518 98.78768229
37.36239095 72.80275434 98.5649811
35.02724151 71.45455518 95.92772
35.02724151 74.15095349 58.5957758
37.36239095 72.80275434 84.26516964
35.02724151 71.45455518 84.48787083
35.02724151 71.45455518 75.90798395
37.36239095 72.80275434 78.54524505
35.02724151 71.45455518 67.32809707
37.36239095 72.80275434 67.10539587
35.02724151 74.15095349 78.61551185
35.02724151 74.15095349 81.47547414
35.02724151 71.45455518 87.34783312
37.36239095 72.80275434 92.84505652
35.02724151 71.45455518 90.20779541
35.02724151 71.45455518 93.06775771
35.02724151 74.15095349 90.05536102
0.0 124.03432221 95.09869308
0.0 121.3379239 94.14759075
0.0 121.3379239 97.00755304
0.0 0.0 103.19222125
0.0 142.90911037 101.77024898
0.0 0.0 97.47229667
0.0 142.90911037 110.35013586
0.0 142.90911037 98.91028668
0.0 142.90911037 96.05032439
0.0 142.90911037 87.47043751
35.02724151 74.15095349 4.25649222
35.02724151 74.15095349 1.39652993
37.36239095 72.80275434 12.7661123
37.36239095 72.80275434 4.18622542
35.02724151 74.15095349 7.11645451
35.02724151 74.15095349 9.97641681
35.02724151 71.45455518 30.14858725
37.36239095 72.80275434 29.92588606
35.02724151 71.45455518 35.86851184
35.02724151 74.15095349 41.43600204
35.02724151 71.45455518 38.72847413
35.02724151 74.15095349 38.57603974
35.02724151 74.15095349 52.87585121
35.02724151 74.15095349 35.71607745
37.36239095 72.80275434 38.50577294
37.36239095 72.80275434 41.36573523
35.02724151 74.15095349 27.13619057
35.02724151 74.15095349 15.69634139
35.02724151 74.15095349 18.55630369
37.36239095 72.80275434 21.34599918
0.0 140.21271206 100.81607788
0.0 132.12351713 86.5155991
0.0 137.51631375 108.44207879
0.0 137.51631375 111.30204108
0.0 140.21271206 86.51626641
0.0 126.73072052 93.1904544
0.0 132.12351713 89.37556139
0.0 137.51631375 102.7221542
0.0 134.81991544 90.32874617
0.0 132.12351713 97.95544827
0.0 137.51631375 99.86219191
0.0 129.42711883 97.00269003
0.0 118.64152559 98.91711295
0.0 118.64152559 96.05715066
0.0 115.94512728 97.96749629
35.02724151 74.15095349 70.03562497
35.02724151 74.15095349 84.33543644
37.36239095 72.80275434 69.96535817
37.36239095 72.80275434 107.14486798
35.02724151 74.15095349 98.6352479
0.0 99.76673743 112.31156358
0.0 99.76673743 109.45160129
0.0 97.07033912 111.37024696
0.0 107.85593235 112.28409147
0.0 105.15953405 105.61867544
0.0 102.46313574 107.53444064
0.0 110.55233066 101.7909218
0.0 97.07033912 114.23020925
0.0 113.24872897 102.73868264
0.0 110.55233066 110.37080868
0.0 113.24872897 108.45860723
0.0 102.46313574 110.39440293
0.0 121.3379239 114.16732681
0.0 124.03432221 112.25846684
0.0 121.3379239 111.30736451
0.0 105.15953405 114.19856232
0.0 113.24872897 114.17853181
0.0 113.24872897 111.31856952
0.0 132.12351713 103.67537286
0.0 129.42711883 102.72261461
0.0 118.64152559 110.35696212
0.0 129.42711883 111.30250149
0.0 129.42711883 108.4425392
0.0 132.12351713 112.25525974
0.0 129.42711883 114.16246379
0.0 115.94512728 112.26730775
0.0 121.3379239 108.44740222
0.0 121.3379239 105.58743992
0.0 118.64152559 107.49699983
0.0 115.94512728 106.54738317
0.0 115.94512728 109.40734546
0.0 129.42711883 105.58257691
0.0 126.73072052 104.63030358
0.0 124.03432221 106.53854225
0.0 118.64152559 104.63703754
0.0 140.21271206 97.95611558
0.0 137.51631375 114.16200338
0.0 140.21271206 112.25592705
0.0 0.0 77.45256061
140.1089660514 0.0 77.45256061
0.0 0.0 77.45256061
140.1089660514 0.0 77.45256061
0.0 142.90911037 93.19036209
140.1089660514 142.90911037 93.19036209
0.0 0.0 91.75237208
140.1089660514 0.0 91.75237208
0.0 0.0 94.61233437
140.1089660514 0.0 94.61233437
0.0 0.0 108.91214584
140.1089660514 0.0 108.91214584
0.0 0.0 108.91214584
140.1089660514 0.0 108.91214584
0.0 0.0 108.91214584
140.1089660514 0.0 108.91214584
0.0 142.90911037 90.3303998
140.1089660514 142.90911037 90.3303998
0.0 0.0 91.75237208
140.1089660514 0.0 91.75237208
0.0 0.0 88.89240979
140.1089660514 0.0 88.89240979
0.0 142.90911037 84.61047521
140.1089660514 142.90911037 84.61047521
0.0 0.0 83.1724852
140.1089660514 0.0 83.1724852
0.0 0.0 86.03244749
140.1089660514 0.0 86.03244749
0.0 129.42711883 88.42280315
140.1089660514 129.42711883 88.42280315
0.0 129.42711883 88.42280315
140.1089660514 129.42711883 88.42280315
0.0 126.73072052 90.33049211
140.1089660514 126.73072052 90.33049211
0.0 126.73072052 90.33049211
140.1089660514 126.73072052 90.33049211
0.0 134.81991544 110.34848222
140.1089660514 134.81991544 110.34848222
0.0 134.81991544 110.34848222
140.1089660514 134.81991544 110.34848222
0.0 113.24872897 99.87872035
140.1089660514 113.24872897 99.87872035
0.0 113.24872897 99.87872035
140.1089660514 113.24872897 99.87872035
0.0 124.03432221 92.23873078
140.1089660514 124.03432221 92.23873078
0.0 142.90911037 113.21009815
140.1089660514 142.90911037 113.21009815
0.0 0.0 111.77210813
140.1089660514 0.0 111.77210813
0.0 0.0 88.89240979
140.1089660514 0.0 88.89240979
0.0 0.0 88.89240979
140.1089660514 0.0 88.89240979
0.0 0.0 83.1724852
140.1089660514 0.0 83.1724852
0.0 0.0 83.1724852
140.1089660514 0.0 83.1724852
0.0 0.0 94.61233437
140.1089660514 0.0 94.61233437
0.0 0.0 94.61233437
140.1089660514 0.0 94.61233437
0.0 0.0 100.33225896
140.1089660514 0.0 100.33225896
0.0 0.0 100.33225896
140.1089660514 0.0 100.33225896
0.0 0.0 100.33225896
140.1089660514 0.0 100.33225896
0.0 0.0 106.05218355
140.1089660514 0.0 106.05218355
0.0 0.0 106.05218355
140.1089660514 0.0 106.05218355
0.0 0.0 106.05218355
140.1089660514 0.0 106.05218355
0.0 0.0 111.77210813
140.1089660514 0.0 111.77210813
0.0 0.0 111.77210813
140.1089660514 0.0 111.77210813
0.0 0.0 97.47229667
140.1089660514 0.0 97.47229667
0.0 0.0 97.47229667
140.1089660514 0.0 97.47229667
0.0 0.0 97.47229667
140.1089660514 0.0 97.47229667
0.0 142.90911037 110.35013586
140.1089660514 142.90911037 110.35013586
0.0 142.90911037 98.91028668
140.1089660514 142.90911037 98.91028668
0.0 142.90911037 104.63021127
140.1089660514 142.90911037 104.63021127
0.0 0.0 103.19222125
140.1089660514 0.0 103.19222125
0.0 0.0 103.19222125
140.1089660514 0.0 103.19222125
0.0 0.0 103.19222125
140.1089660514 0.0 103.19222125
0.0 142.90911037 107.49017356
140.1089660514 142.90911037 107.49017356
0.0 142.90911037 96.05032439
140.1089660514 142.90911037 96.05032439
0.0 142.90911037 101.77024898
140.1089660514 142.90911037 101.77024898
0.0 0.0 80.31252291
140.1089660514 0.0 80.31252291
0.0 142.90911037 81.75051292
140.1089660514 142.90911037 81.75051292
0.0 142.90911037 78.89055063
140.1089660514 142.90911037 78.89055063
0.0 0.0 80.31252291
140.1089660514 0.0 80.31252291
0.0 0.0 77.45256061
140.1089660514 0.0 77.45256061
0.0 0.0 80.31252291
140.1089660514 0.0 80.31252291
0.0 0.0 86.03244749
140.1089660514 0.0 86.03244749
0.0 142.90911037 87.47043751
140.1089660514 142.90911037 87.47043751
0.0 0.0 91.75237208
140.1089660514 0.0 91.75237208
0.0 0.0 86.03244749
140.1089660514 0.0 86.03244749
0.0 142.90911037 113.21009815
140.1089660514 142.90911037 113.21009815
0.0 142.90911037 78.89055063
140.1089660514 142.90911037 78.89055063
0.0 140.21271206 80.79634182
140.1089660514 140.21271206 80.79634182
0.0 142.90911037 78.89055063
140.1089660514 142.90911037 78.89055063
0.0 132.12351713 86.5155991
140.1089660514 132.12351713 86.5155991
0.0 132.12351713 86.5155991
140.1089660514 132.12351713 86.5155991
0.0 134.81991544 84.60882158
140.1089660514 134.81991544 84.60882158
0.0 134.81991544 84.60882158
140.1089660514 134.81991544 84.60882158
0.0 137.51631375 82.70241815
140.1089660514 137.51631375 82.70241815
0.0 137.51631375 82.70241815
140.1089660514 137.51631375 82.70241815
0.0 140.21271206 80.79634182
140.1089660514 140.21271206 80.79634182
0.0 121.3379239 94.14759075
140.1089660514 121.3379239 94.14759075
0.0 121.3379239 94.14759075
140.1089660514 121.3379239 94.14759075
0.0 110.55233066 101.7909218
140.1089660514 110.55233066 101.7909218
0.0 97.07033912 114.23020925
140.1089660514 97.07033912 114.23020925
0.0 97.07033912 111.37024696
140.1089660514 97.07033912 111.37024696
0.0 97.07033912 114.23020925
140.1089660514 97.07033912 114.23020925
0.0 97.07033912 114.23020925
140.1089660514 97.07033912 114.23020925
0.0 99.76673743 109.45160129
140.1089660514 99.76673743 109.45160129
0.0 102.46313574 107.53444064
140.1089660514 102.46313574 107.53444064
0.0 99.76673743 112.31156358
140.1089660514 99.76673743 112.31156358
0.0 102.46313574 107.53444064
140.1089660514 102.46313574 107.53444064
0.0 99.76673743 109.45160129
140.1089660514 99.76673743 109.45160129
0.0 115.94512728 97.96749629
140.1089660514 115.94512728 97.96749629
0.0 107.85593235 103.70420459
140.1089660514 107.85593235 103.70420459
0.0 110.55233066 101.7909218
140.1089660514 110.55233066 101.7909218
0.0 107.85593235 103.70420459
140.1089660514 107.85593235 103.70420459
0.0 107.85593235 109.42412917
140.1089660514 107.85593235 109.42412917
0.0 107.85593235 112.28409147
140.1089660514 107.85593235 112.28409147
0.0 110.55233066 110.37080868
140.1089660514 110.55233066 110.37080868
0.0 105.15953405 105.61867544
140.1089660514 105.15953405 105.61867544
0.0 105.15953405 105.61867544
140.1089660514 105.15953405 105.61867544
0.0 105.15953405 114.19856232
140.1089660514 105.15953405 114.19856232
0.0 105.15953405 111.33860003
140.1089660514 105.15953405 111.33860003
0.0 97.07033912 111.37024696
140.1089660514 97.07033912 111.37024696
0.0 99.76673743 112.31156358
140.1089660514 99.76673743 112.31156358
0.0 97.07033912 111.37024696
140.1089660514 97.07033912 111.37024696
0.0 113.24872897 114.17853181
140.1089660514 113.24872897 114.17853181
0.0 113.24872897 111.31856952
140.1089660514 113.24872897 111.31856952
0.0 102.46313574 110.39440293
140.1089660514 102.46313574 110.39440293
0.0 105.15953405 114.19856232
140.1089660514 105.15953405 114.19856232
0.0 107.85593235 112.28409147
140.1089660514 107.85593235 112.28409147
0.0 110.55233066 110.37080868
140.1089660514 110.55233066 110.37080868
0.0 102.46313574 110.39440293
140.1089660514 102.46313574 110.39440293
0.0 105.15953405 114.19856232
140.1089660514 105.15953405 114.19856232
0.0 118.64152559 110.35696212
140.1089660514 118.64152559 110.35696212
0.0 118.64152559 110.35696212
140.1089660514 118.64152559 110.35696212
0.0 129.42711883 114.16246379
140.1089660514 129.42711883 114.16246379
0.0 132.12351713 112.25525974
140.1089660514 132.12351713 112.25525974
0.0 132.12351713 112.25525974
140.1089660514 132.12351713 112.25525974
0.0 129.42711883 114.16246379
140.1089660514 129.42711883 114.16246379
0.0 129.42711883 114.16246379
140.1089660514 129.42711883 114.16246379
0.0 113.24872897 114.17853181
140.1089660514 113.24872897 114.17853181
0.0 115.94512728 112.26730775
140.1089660514 115.94512728 112.26730775
0.0 124.03432221 112.25846684
140.1089660514 124.03432221 112.25846684
0.0 124.03432221 112.25846684
140.1089660514 124.03432221 112.25846684
0.0 121.3379239 114.16732681
140.1089660514 121.3379239 114.16732681
0.0 121.3379239 114.16732681
140.1089660514 121.3379239 114.16732681
0.0 121.3379239 114.16732681
140.1089660514 121.3379239 114.16732681
0.0 115.94512728 112.26730775
140.1089660514 115.94512728 112.26730775
0.0 113.24872897 114.17853181
140.1089660514 113.24872897 114.17853181
0.0 115.94512728 97.96749629
140.1089660514 115.94512728 97.96749629
0.0 118.64152559 96.05715066
140.1089660514 118.64152559 96.05715066
0.0 124.03432221 92.23873078
140.1089660514 124.03432221 92.23873078
0.0 118.64152559 96.05715066
140.1089660514 118.64152559 96.05715066
0.0 121.3379239 111.30736451
140.1089660514 121.3379239 111.30736451
0.0 115.94512728 109.40734546
140.1089660514 115.94512728 109.40734546
0.0 129.42711883 111.30250149
140.1089660514 129.42711883 111.30250149
0.0 126.73072052 110.35022816
140.1089660514 126.73072052 110.35022816
0.0 126.73072052 110.35022816
140.1089660514 126.73072052 110.35022816
0.0 124.03432221 109.39850454
140.1089660514 124.03432221 109.39850454
0.0 132.12351713 109.39529745
140.1089660514 132.12351713 109.39529745
0.0 142.90911037 110.35013586
140.1089660514 142.90911037 110.35013586
0.0 137.51631375 114.16200338
140.1089660514 137.51631375 114.16200338
0.0 137.51631375 111.30204108
140.1089660514 137.51631375 111.30204108
0.0 140.21271206 112.25592705
140.1089660514 140.21271206 112.25592705
0.0 140.21271206 112.25592705
140.1089660514 140.21271206 112.25592705
0.0 137.51631375 114.16200338
140.1089660514 137.51631375 114.16200338
0.0 140.21271206 109.39596476
140.1089660514 140.21271206 109.39596476
0.0 137.51631375 114.16200338
140.1089660514 137.51631375 114.16200338
130.76836831 0.0 83.20452064
130.76836831 145.6055086782 83.20452064
135.43866718 0.0 83.18955633
135.43866718 145.6055086782 83.18955633
0.0 0.0 80.31252291
0.0 145.6055086782 80.31252291
0.0 0.0 80.31252291
0.0 145.6055086782 80.31252291
107.41687397 0.0 111.88019478
107.41687397 145.6055086782 111.88019478
107.41687397 0.0 111.88019478
107.41687397 145.6055086782 111.88019478
130.76836831 0.0 111.80414357
130.76836831 145.6055086782 111.80414357
126.09806945 0.0 111.8194606
126.09806945 145.6055086782 111.8194606
121.42777058 0.0 0.29642422
121.42777058 145.6055086782 0.29642422
121.42777058 0.0 0.29642422
121.42777058 145.6055086782 0.29642422
121.42777058 0.0 0.29642422
121.42777058 145.6055086782 0.29642422
126.09806945 0.0 0.28093116
126.09806945 145.6055086782 0.28093116
126.09806945 0.0 0.28093116
126.09806945 145.6055086782 0.28093116
126.09806945 0.0 0.28093116
126.09806945 145.6055086782 0.28093116
130.76836831 0.0 0.26561413
130.76836831 145.6055086782 0.26561413
130.76836831 0.0 0.26561413
130.76836831 145.6055086782 0.26561413
130.76836831 0.0 0.26561413
130.76836831 145.6055086782 0.26561413
121.42777058 0.0 100.39510449
121.42777058 145.6055086782 100.39510449
116.75747171 0.0 100.41055999
116.75747171 145.6055086782 100.41055999
112.08717284 0.0 106.14565586
112.08717284 145.6055086782 106.14565586
116.75747171 0.0 106.13048458
116.75747171 145.6055086782 106.13048458
116.75747171 0.0 103.27052228
116.75747171 145.6055086782 103.27052228
116.75747171 0.0 103.27052228
116.75747171 145.6055086782 103.27052228
116.75747171 0.0 103.27052228
116.75747171 145.6055086782 103.27052228
116.75747171 0.0 103.27052228
116.75747171 145.6055086782 103.27052228
121.42777058 0.0 97.53514219
121.42777058 145.6055086782 97.53514219
121.42777058 0.0 97.53514219
121.42777058 145.6055086782 97.53514219
122.9845368682 0.0 96.3783582737
122.9845368682 145.6055086782 96.3783582737
121.42777058 0.0 94.6751799
121.42777058 145.6055086782 94.6751799
121.42777058 0.0 97.53514219
121.42777058 145.6055086782 97.53514219
0.0 0.0 91.75237208
0.0 145.6055086782 91.75237208
0.0 0.0 91.75237208
0.0 145.6055086782 91.75237208
0.0 0.0 94.61233437
0.0 145.6055086782 94.61233437
0.0 0.0 94.61233437
0.0 145.6055086782 94.61233437
0.0 0.0 91.75237208
0.0 145.6055086782 91.75237208
0.0 0.0 91.75237208
0.0 145.6055086782 91.75237208
0.0 0.0 88.89240979
0.0 145.6055086782 88.89240979
0.0 0.0 88.89240979
0.0 145.6055086782 88.89240979
0.0 0.0 83.1724852
0.0 145.6055086782 83.1724852
0.0 0.0 83.1724852
0.0 145.6055086782 83.1724852
0.0 0.0 86.03244749
0.0 145.6055086782 86.03244749
0.0 0.0 86.03244749
0.0 145.6055086782 86.03244749
112.08717284 0.0 106.14565586
112.08717284 145.6055086782 106.14565586
112.08717284 0.0 106.14565586
112.08717284 145.6055086782 106.14565586
116.75747171 0.0 100.41055999
116.75747171 145.6055086782 100.41055999
116.75747171 0.0 100.41055999
116.75747171 145.6055086782 100.41055999
121.42777058 0.0 94.6751799
121.42777058 145.6055086782 94.6751799
121.42777058 0.0 94.6751799
121.42777058 145.6055086782 94.6751799
107.41687397 0.0 111.88019478
107.41687397 145.6055086782 111.88019478
130.76836831 0.0 83.20452064
130.76836831 145.6055086782 83.20452064
130.76836831 0.0 83.20452064
130.76836831 145.6055086782 83.20452064
135.43866718 0.0 77.46963174
135.43866718 145.6055086782 77.46963174
135.43866718 0.0 77.46963174
135.43866718 145.6055086782 77.46963174
126.09806945 0.0 88.93976225
126.09806945 145.6055086782 88.93976225
126.09806945 0.0 88.93976225
126.09806945 145.6055086782 88.93976225
126.09806945 0.0 88.93976225
126.09806945 145.6055086782 88.93976225
112.08717284 0.0 111.86558044
112.08717284 145.6055086782 111.86558044
107.41687397 0.0 111.88019478
107.41687397 145.6055086782 111.88019478
116.75747171 0.0 111.85040916
116.75747171 145.6055086782 111.85040916
121.42777058 0.0 111.83495366
121.42777058 145.6055086782 111.83495366
116.75747171 0.0 111.85040916
116.75747171 145.6055086782 111.85040916
112.08717284 0.0 111.86558044
112.08717284 145.6055086782 111.86558044
126.09806945 0.0 111.8194606
126.09806945 145.6055086782 111.8194606
121.42777058 0.0 111.83495366
121.42777058 145.6055086782 111.83495366
135.43866718 0.0 111.78917927
135.43866718 145.6055086782 111.78917927
130.76836831 0.0 111.80414357
130.76836831 145.6055086782 111.80414357
116.75747171 0.0 0.31187972
116.75747171 145.6055086782 0.31187972
135.43866718 0.0 0.25064982
135.43866718 145.6055086782 0.25064982
135.43866718 0.0 111.78917927
135.43866718 145.6055086782 111.78917927
130.76836831 0.0 0.26561413
130.76836831 145.6055086782 0.26561413
130.76836831 0.0 0.26561413
130.76836831 145.6055086782 0.26561413
135.43866718 0.0 0.25064982
135.43866718 145.6055086782 0.25064982
135.43866718 0.0 0.25064982
135.43866718 145.6055086782 0.25064982
135.43866718 0.0 0.25064982
135.43866718 145.6055086782 0.25064982
126.09806945 0.0 0.28093116
126.09806945 145.6055086782 0.28093116
126.09806945 0.0 0.28093116
126.09806945 145.6055086782 0.28093116
121.42777058 0.0 0.29642422
121.42777058 145.6055086782 0.29642422
121.42777058 0.0 0.29642422
121.42777058 145.6055086782 0.29642422
135.43866718 0.0 0.25064982
135.43866718 145.6055086782 0.25064982
112.08717284 0.0 0.327051
112.08717284 145.6055086782 0.327051
112.08717284 0.0 0.327051
112.08717284 145.6055086782 0.327051
112.08717284 0.0 0.327051
112.08717284 145.6055086782 0.327051
116.75747171 0.0 0.31187972
116.75747171 145.6055086782 0.31187972
116.75747171 0.0 0.31187972
116.75747171 145.6055086782 0.31187972
116.75747171 0.0 0.31187972
116.75747171 145.6055086782 0.31187972
116.75747171 0.0 0.31187972
116.75747171 145.6055086782 0.31187972
112.08717284 0.0 0.327051
112.08717284 145.6055086782 0.327051
112.08717284 0.0 0.327051
112.08717284 145.6055086782 0.327051
0.0 0.0 111.77210813
0.0 145.6055086782 111.77210813
0.0 0.0 111.77210813
0.0 145.6055086782 111.77210813
132.3251346049 0.0 84.9286380737
132.3251346049 145.6055086782 84.9286380737
130.76836831 0.0 86.06448293
130.76836831 145.6055086782 86.06448293
130.76836831 0.0 88.92444522
130.76836831 145.6055086782 88.92444522
126.09806945 0.0 94.65968684
126.09806945 145.6055086782 94.65968684
126.09806945 0.0 91.79972455
126.09806945 145.6055086782 91.79972455
126.09806945 0.0 94.65968684
126.09806945 145.6055086782 94.65968684
130.76836831 0.0 88.92444522
130.76836831 145.6055086782 88.92444522
127.6548357382 0.0 90.6534420537
127.6548357382 145.6055086782 90.6534420537
135.43866718 0.0 83.18955633
135.43866718 145.6055086782 83.18955633
135.43866718 0.0 80.32959404
135.43866718 145.6055086782 80.32959404
136.9954334749 0.0 79.2039904437
136.9954334749 145.6055086782 79.2039904437
121.42777058 0.0 97.53514219
121.42777058 145.6055086782 97.53514219
112.08717284 0.0 109.00561815
112.08717284 145.6055086782 109.00561815
112.08717284 0.0 111.86558044
112.08717284 145.6055086782 111.86558044
118.3142379982 0.0 102.1033307604
118.3142379982 145.6055086782 102.1033307604
113.6439391349 0.0 107.8282917938
113.6439391349 145.6055086782 107.8282917938
112.08717284 0.0 109.00561815
112.08717284 145.6055086782 109.00561815
112.08717284 0.0 109.00561815
112.08717284 145.6055086782 109.00561815
112.08717284 0.0 109.00561815
112.08717284 145.6055086782 109.00561815
0.0 0.0 103.19222125
0.0 145.6055086782 103.19222125
0.0 0.0 103.19222125
0.0 145.6055086782 103.19222125
0.0 0.0 111.77210813
0.0 145.6055086782 111.77210813
0.0 0.0 111.77210813
0.0 145.6055086782 111.77210813
0.0 0.0 108.91214584
0.0 145.6055086782 108.91214584
0.0 0.0 108.91214584
0.0 145.6055086782 108.91214584
0.0 0.0 97.47229667
0.0 145.6055086782 97.47229667
0.0 0.0 97.47229667
0.0 145.6055086782 97.47229667
0.0 0.0 100.33225896
0.0 145.6055086782 100.33225896
0.0 0.0 100.33225896
0.0 145.6055086782 100.33225896
0.0 0.0 97.47229667
0.0 145.6055086782 97.47229667
0.0 0.0 103.19222125
0.0 145.6055086782 103.19222125
0.0 0.0 106.05218355
0.0 145.6055086782 106.05218355
0.0 0.0 106.05218355
0.0 145.6055086782 106.05218355
140.1089660514 0.0 111.77210813
140.1089660514 145.6055086782 111.77210813
0.0 0.0 108.91214584
0.0 145.6055086782 108.91214584
0.0 0.0 108.91214584
0.0 145.6055086782 108.91214584
0.0 0.0 106.05218355
0.0 145.6055086782 106.05218355
0.0 0.0 106.05218355
0.0 145.6055086782 106.05218355
0.0 0.0 94.61233437
0.0 145.6055086782 94.61233437
0.0 0.0 94.61233437
0.0 145.6055086782 94.61233437
0.0 0.0 97.47229667
0.0 145.6055086782 97.47229667
0.0 0.0 103.19222125
0.0 145.6055086782 103.19222125
0.0 0.0 100.33225896
0.0 145.6055086782 100.33225896
0.0 0.0 100.33225896
0.0 145.6055086782 100.33225896
0.0 0.0 80.31252291
0.0 145.6055086782 80.31252291
0.0 0.0 83.1724852
0.0 145.6055086782 83.1724852
0.0 0.0 83.1724852
0.0 145.6055086782 83.1724852
0.0 0.0 77.45256061
0.0 145.6055086782 77.45256061
0.0 0.0 77.45256061
0.0 145.6055086782 77.45256061
0.0 0.0 80.31252291
0.0 145.6055086782 80.31252291
140.1089660514 0.0 77.45256061
140.1089660514 145.6055086782 77.45256061
0.0 0.0 86.03244749
0.0 145.6055086782 86.03244749
0.0 0.0 86.03244749
0.0 145.6055086782 86.03244749
0.0 0.0 88.89240979
0.0 145.6055086782 88.89240979
0.0 0.0 88.89240979
0.0 145.6055086782 88.89240979
0.0 0.0 77.45256061
0.0 145.6055086782 77.45256061
0.0 0.0 91.75237208
0.0 145.6055086782 91.75237208
138.5521997622 0.0 93.5098743437
138.5521997622 145.6055086782 93.5098743437
140.1089660514 0.0 91.75237208
140.1089660514 145.6055086782 91.75237208
0.0 0.0 94.61233437
0.0 145.6055086782 94.61233437
140.1089660514 0.0 94.61233437
140.1089660514 145.6055086782 94.61233437
0.0 0.0 91.75237208
0.0 145.6055086782 91.75237208
138.5521997622 0.0 90.6499120537
138.5521997622 145.6055086782 90.6499120537
140.1089660514 0.0 91.75237208
140.1089660514 145.6055086782 91.75237208
0.0 0.0 88.89240979
0.0 145.6055086782 88.89240979
140.1089660514 0.0 88.89240979
140.1089660514 145.6055086782 88.89240979
0.0 0.0 83.1724852
0.0 145.6055086782 83.1724852
138.5521997622 0.0 84.9299874637
138.5521997622 145.6055086782 84.9299874637
140.1089660514 0.0 83.1724852
140.1089660514 145.6055086782 83.1724852
0.0 0.0 86.03244749
0.0 145.6055086782 86.03244749
140.1089660514 0.0 86.03244749
140.1089660514 145.6055086782 86.03244749
0.0 0.0 111.77210813
0.0 145.6055086782 111.77210813
140.1089660514 0.0 111.77210813
140.1089660514 145.6055086782 111.77210813
140.1089660514 0.0 111.77210813
140.1089660514 145.6055086782 111.77210813
0.0 0.0 111.77210813
0.0 145.6055086782 111.77210813
138.5521997622 0.0 110.6696481137
138.5521997622 145.6055086782 110.6696481137
140.1089660514 0.0 111.77210813
140.1089660514 145.6055086782 111.77210813
0.0 0.0 108.91214584
0.0 145.6055086782 108.91214584
140.1089660514 0.0 108.91214584
140.1089660514 145.6055086782 108.91214584
0.0 0.0 97.47229667
0.0 145.6055086782 97.47229667
138.5521997622 0.0 99.2297989337
138.5521997622 145.6055086782 99.2297989337
140.1089660514 0.0 97.47229667
140.1089660514 145.6055086782 97.47229667
0.0 0.0 100.33225896
0.0 145.6055086782 100.33225896
140.1089660514 0.0 100.33225896
140.1089660514 145.6055086782 100.33225896
0.0 0.0 103.19222125
0.0 145.6055086782 103.19222125
138.5521997622 0.0 104.9497235237
138.5521997622 145.6055086782 104.9497235237
140.1089660514 0.0 103.19222125
140.1089660514 145.6055086782 103.19222125
0.0 0.0 106.05218355
0.0 145.6055086782 106.05218355
140.1089660514 0.0 106.05218355
140.1089660514 145.6055086782 106.05218355
0.0 0.0 108.91214584
0.0 145.6055086782 108.91214584
138.5521997622 0.0 107.8096858137
138.5521997622 145.6055086782 107.8096858137
140.1089660514 0.0 108.91214584
140.1089660514 145.6055086782 108.91214584
0.0 0.0 106.05218355
0.0 145.6055086782 106.05218355
140.1089660514 0.0 106.05218355
140.1089660514 145.6055086782 106.05218355
0.0 0.0 94.61233437
0.0 145.6055086782 94.61233437
138.5521997622 0.0 96.3698366437
138.5521997622 145.6055086782 96.3698366437
140.1089660514 0.0 94.61233437
140.1089660514 145.6055086782 94.61233437
0.0 0.0 97.47229667
0.0 145.6055086782 97.47229667
140.1089660514 0.0 97.47229667
140.1089660514 145.6055086782 97.47229667
0.0 0.0 103.19222125
0.0 145.6055086782 103.19222125
138.5521997622 0.0 102.089761227
138.5521997622 145.6055086782 102.089761227
140.1089660514 0.0 103.19222125
140.1089660514 145.6055086782 103.19222125
0.0 0.0 100.33225896
0.0 145.6055086782 100.33225896
140.1089660514 0.0 100.33225896
140.1089660514 145.6055086782 100.33225896
0.0 0.0 80.31252291
0.0 145.6055086782 80.31252291
138.5521997622 0.0 82.0700251737
138.5521997622 145.6055086782 82.0700251737
140.1089660514 0.0 80.31252291
140.1089660514 145.6055086782 80.31252291
0.0 0.0 83.1724852
0.0 145.6055086782 83.1724852
140.1089660514 0.0 83.1724852
140.1089660514 145.6055086782 83.1724852
0.0 0.0 77.45256061
0.0 145.6055086782 77.45256061
138.5521997622 0.0 79.2100628837
138.5521997622 145.6055086782 79.2100628837
140.1089660514 0.0 77.45256061
140.1089660514 145.6055086782 77.45256061
0.0 0.0 80.31252291
0.0 145.6055086782 80.31252291
140.1089660514 0.0 80.31252291
140.1089660514 145.6055086782 80.31252291
0.0 0.0 86.03244749
0.0 145.6055086782 86.03244749
138.5521997622 0.0 87.7899497637
138.5521997622 145.6055086782 87.7899497637
140.1089660514 0.0 86.03244749
140.1089660514 145.6055086782 86.03244749
0.0 0.0 88.89240979
0.0 145.6055086782 88.89240979
140.1089660514 0.0 88.89240979
140.1089660514 145.6055086782 88.89240979
0.0 0.0 77.45256061
0.0 145.6055086782 77.45256061
140.1089660514 0.0 77.45256061
140.1089660514 145.6055086782 77.45256061
114.42232228 134.4588587491 0.0
114.42232228 134.4588587491 114.3984917383
115.9338903364 137.0408188229 0.0
115.9338903364 137.0408188229 114.3984917383
137.77381662 109.8538237393 0.0
137.77381662 109.8538237393 114.3984917383
136.0398894173 112.9016131515 0.0
136.0398894173 112.9016131515 114.3984917383
137.77381662 117.9803942664 0.0
137.77381662 117.9803942664 114.3984917383
136.0613079591 120.978442078 0.0
136.0613079591 120.978442078 114.3984917383
137.4711707782 141.7356438685 0.0
137.4711707782 141.7356438685 114.3984917383
133.4233446171 141.7455633389 0.0
133.4233446171 141.7455633389 114.3984917383
137.77381662 141.2125224809 0.0
137.77381662 141.2125224809 114.3984917383
135.7514021448 137.6968713664 0.0
135.7514021448 137.6968713664 114.3984917383
127.6986350288 116.8692142533 0.0
127.6986350288 116.8692142533 114.3984917383
124.54767532 116.8402477498 0.0
124.54767532 116.8402477498 114.3984917383
112.9410775296 137.0233116504 0.0
112.9410775296 137.0233116504 114.3984917383
136.0667942134 129.0644695176 0.0
136.0667942134 129.0644695176 114.3984917383
137.77381662 126.0852323963 0.0
137.77381662 126.0852323963 114.3984917383
137.77381662 134.1754756817 0.0
137.77381662 134.1754756817 114.3984917383
136.0617746123 137.1565625083 0.0
136.0617746123 137.1565625083 114.3984917383
135.7207163624 105.3223752205 0.0
135.7207163624 105.3223752205 114.3984917383
137.77381662 108.8823921428 0.0
137.77381662 108.8823921428 114.3984917383
118.3478684262 127.6489364908 0.0
118.3478684262 127.6489364908 114.3984917383
119.09262114 127.6460103147 0.0
119.09262114 127.6460103147 114.3984917383
119.09262114 126.3539766233 0.0
119.09262114 126.3539766233 114.3984917383
137.77381662 101.6959486306 0.0
137.77381662 101.6959486306 114.3984917383
135.9950173158 104.8383251488 0.0
135.9950173158 104.8383251488 114.3984917383
105.08172454 72.8650011771 0.0
105.08172454 72.8650011771 114.3984917383
105.08172454 71.45455518 1.9844974923e-16
105.08172454 71.45455518 114.3984917383
36.1880580045 72.1247528967 1.9844974923e-16
36.1880580045 72.1247528967 114.3984917383
35.02724151 71.45455518 -1.9844974923e-16
35.02724151 71.45455518 114.3984917383
119.09262114 142.4437398288 0.0
119.09262114 142.4437398288 114.3984917383
120.2935904843 143.6410511301 0.0
120.2935904843 143.6410511301 114.3984917383
119.4748126247 141.7815695669 0.0
119.4748126247 141.7815695669 114.3984917383
120.2935904843 143.6410511301 0.0
120.2935904843 143.6410511301 114.3984917383
124.1239750676 141.7693664451 0.0
124.1239750676 141.7693664451 114.3984917383
124.9618284853 143.6374816002 0.0
124.9618284853 143.6374816002 114.3984917383
123.76292001 142.3956107112 0.0
123.76292001 142.3956107112 114.3984917383
124.9618284853 143.6374816002 0.0
124.9618284853 143.6374816002 114.3984917383
133.10351775 142.301258188 0.0
133.10351775 142.301258188 114.3984917383
131.9430883215 143.5708339362 0.0
131.9430883215 143.5708339362 114.3984917383
132.7809846386 141.747125789 0.0
132.7809846386 141.747125789 114.3984917383
131.9430883215 143.5708339362 0.0
131.9430883215 143.5708339362 114.3984917383
37.36239095 72.80275434 0.0
37.36239095 72.80275434 114.3984917383
138.1200184621 135.9682348722 0.0
138.1200184621 135.9682348722 114.3984917383
120.6754244717 123.5999549812 0.0
120.6754244717 123.5999549812 114.3984917383
121.0495553244 124.2526848884 0.0
121.0495553244 124.2526848884 114.3984917383
119.9283029003 124.9000402735 0.0
119.9283029003 124.9000402735 114.3984917383
113.6003298692 141.0863336731 0.0
113.6003298692 141.0863336731 114.3984917383
112.08717284 138.5011030085 0.0
112.08717284 138.5011030085 114.3984917383
113.6822200562 135.7408163812 0.0
113.6822200562 135.7408163812 114.3984917383
114.42232228 135.738505714 0.0
114.42232228 135.738505714 114.3984917383
118.707035505 141.7835291815 0.0
118.707035505 141.7835291815 114.3984917383
114.8255907331 141.7937383613 0.0
114.8255907331 141.7937383613 114.3984917383
128.0900766082 141.7590244941 1.9844974923e-16
128.0900766082 141.7590244941 114.3984917383
123.3986665199 141.7712130618 0.0
123.3986665199 141.7712130618 114.3984917383
128.7733979085 141.7573136648 0.0
128.7733979085 141.7573136648 114.3984917383
135.7544357943 129.6094279234 0.0
135.7544357943 129.6094279234 114.3984917383
137.77381662 133.1195691116 0.0
137.77381662 133.1195691116 114.3984917383
120.6173384647 128.9592156293 0.0
120.6173384647 128.9592156293 114.3984917383
121.42777058 123.5966925886 0.0
121.42777058 123.5966925886 114.3984917383
121.42777058 122.288585142 0.0
121.42777058 122.288585142 114.3984917383
116.0166042577 131.6957771076 0.0
116.0166042577 131.6957771076 114.3984917383
116.3849474028 132.3385941403 9.9224874617e-17
116.3849474028 132.3385941403 114.3984917383
115.2763953437 132.9786169738 0.0
115.2763953437 132.9786169738 114.3984917383
118.7181572055 128.2951165247 0.0
118.7181572055 128.2951165247 114.3984917383
117.6058414304 128.9373123406 0.0
117.6058414304 128.9373123406 114.3984917383
137.77381662 116.9514285973 0.0
137.77381662 116.9514285973 114.3984917383
135.7424105514 113.4240952875 0.0
135.7424105514 113.4240952875 114.3984917383
125.7057756763 116.1716181962 0.0
125.7057756763 116.1716181962 114.3984917383
125.3169922283 115.4941721384 0.0
125.3169922283 115.4941721384 114.3984917383
134.9872683732 100.0273526522 0.0
134.9872683732 100.0273526522 114.3984917383
133.6624992722 100.7922084481 0.0
133.6624992722 100.7922084481 114.3984917383
134.5354805568 99.2452823869 0.0
134.5354805568 99.2452823869 114.3984917383
122.9986616328 119.5484799609 0.0
122.9986616328 119.5484799609 114.3984917383
123.76292001 119.5448738713 0.0
123.76292001 119.5448738713 114.3984917383
123.76292001 118.2126039418 0.0
123.76292001 118.2126039418 114.3984917383
126.09806945 114.1246386144 0.0
126.09806945 114.1246386144 114.3984917383
123.3788525526 120.2114661912 0.0
123.3788525526 120.2114661912 114.3984917383
122.242622259 120.867469061 0.0
122.242622259 120.867469061 114.3984917383
125.3293985685 120.8941315589 0.0
125.3293985685 120.8941315589 114.3984917383
114.0502078278 136.3829549779 0.0
114.0502078278 136.3829549779 114.3984917383
118.2725608167 132.9982542388 0.0
118.2725608167 132.9982542388 114.3984917383
116.75747171 130.4102567628 -9.9224874617e-17
116.75747171 130.4102567628 114.3984917383
122.9692722363 124.9243086049 0.0
122.9692722363 124.9243086049 114.3984917383
116.75747171 131.693169741 0.0
116.75747171 131.693169741 114.3984917383
137.77381662 125.0316760378 1.9844974923e-16
137.77381662 125.0316760378 114.3984917383
135.7523535664 121.5190308186 0.0
135.7523535664 121.5190308186 114.3984917383
134.8648422108 104.8282360476 0.0
134.8648422108 104.8282360476 114.3984917383
133.10351775 101.7813240478 0.0
133.10351775 101.7813240478 114.3984917383
126.8424977022 112.8189331188 0.0
126.8424977022 112.8189331188 114.3984917383
130.0776243503 112.8499277595 0.0
130.0776243503 112.8499277595 114.3984917383
135.43866718 97.6424488294 0.0
135.43866718 97.6424488294 114.3984917383
137.271187126 100.824743308 0.0
137.271187126 100.824743308 114.3984917383
135.6821639836 97.2109220643 0.0
135.6821639836 97.2109220643 114.3984917383
137.77381662 100.8291367068 0.0
137.77381662 100.8291367068 114.3984917383
135.43866718 99.2408927459 0.0
135.43866718 99.2408927459 114.3984917383
137.3020069354 95.9945394089 0.0
137.3020069354 95.9945394089 114.3984917383
135.9171023012 96.7941144735 -9.9224874617e-17
135.9171023012 96.7941144735 114.3984917383
136.8282122629 95.176195033 0.0
136.8282122629 95.176195033 114.3984917383
137.77381662 95.1721595464 0.0
137.77381662 95.1721595464 114.3984917383
128.43321888 110.0235937458 0.0
128.43321888 110.0235937458 114.3984917383
128.43321888 111.4325175226 0.0
128.43321888 111.4325175226 114.3984917383
127.6299275347 111.4367493428 -9.9224874617e-17
127.6299275347 111.4367493428 114.3984917383
128.0301043617 112.1332680953 0.0
128.0301043617 112.1332680953 114.3984917383
126.09806945 115.4902330234 0.0
126.09806945 115.4902330234 114.3984917383
132.4665336444 108.8363685645 0.0
132.4665336444 108.8363685645 114.3984917383
130.76836831 105.9089858831 0.0
130.76836831 105.9089858831 114.3984917383
130.3517233087 108.0964824551 0.0
130.3517233087 108.0964824551 114.3984917383
129.12646844 108.8038836875 0.0
129.12646844 108.8038836875 114.3984917383
129.9371894854 107.3760510326 0.0
129.9371894854 107.3760510326 114.3984917383
131.3995435275 104.7951248677 0.0
131.3995435275 104.7951248677 114.3984917383
130.76836831 107.3716100148 0.0
130.76836831 107.3716100148 114.3984917383
132.6706850302 104.0612309777 0.0
132.6706850302 104.0612309777 114.3984917383
132.2388518699 103.3121198142 0.0
132.2388518699 103.3121198142 114.3984917383
133.10351775 103.3076076338 0.0
133.10351775 103.3076076338 114.3984917383
109.75202341 142.5381682456 0.0
109.75202341 142.5381682456 114.3984917383
109.75202341 143.8249188037 0.0
109.75202341 143.8249188037 114.3984917383
109.0061983624 143.8267072305 0.0
109.0061983624 143.8267072305 114.3984917383
110.6009134129 141.070804339 0.0
110.6009134129 141.070804339 114.3984917383
110.1759403505 141.8056597711 0.0
110.1759403505 141.8056597711 114.3984917383
114.0155230103 141.7957768782 0.0
114.0155230103 141.7957768782 114.3984917383
111.7142001401 140.4280479483 0.0
111.7142001401 140.4280479483 114.3984917383
111.3452569233 139.7843667064 0.0
111.3452569233 139.7843667064 114.3984917383
112.08717284 139.7823289979 0.0
112.08717284 139.7823289979 114.3984917383
107.2999188619 72.8702784031 0.0
107.2999188619 72.8702784031 114.3984917383
107.41687397 72.80275434 0.0
107.41687397 72.80275434 114.3984917383
105.08172454 74.15095349 0.0
105.08172454 74.15095349 114.3984917383
107.2248726246 72.6919023109 0.0
107.2248726246 72.6919023109 114.3984917383
130.76836831 0.0 0.0
130.76836831 0.0 114.3984917383
130.76836831 0.0 0.0
130.76836831 0.0 114.3984917383
121.42777058 0.0 0.0
121.42777058 0.0 114.3984917383
121.42777058 0.0 0.0
121.42777058 0.0 114.3984917383
116.75747171 0.0 0.0
116.75747171 0.0 114.3984917383
116.75747171 0.0 0.0
116.75747171 0.0 114.3984917383
135.43866718 0.0 0.0
135.43866718 0.0 114.3984917383
135.43866718 0.0 0.0
135.43866718 0.0 114.3984917383
128.43321888 142.347907292 -9.9224874617e-17
128.43321888 142.347907292 114.3984917383
129.6298793649 143.6335879756 0.0
129.6298793649 143.6335879756 114.3984917383
129.6298793649 143.6335879756 0.0
129.6298793649 143.6335879756 114.3984917383
134.2977949666 143.6294600337 0.0
134.2977949666 143.6294600337 114.3984917383
134.2977949666 143.6294600337 0.0
134.2977949666 143.6294600337 114.3984917383
126.09806945 0.0 0.0
126.09806945 0.0 114.3984917383
126.09806945 0.0 0.0
126.09806945 0.0 114.3984917383
127.2692824264 143.5769082905 0.0
127.2692824264 143.5769082905 114.3984917383
127.2692824264 143.5769082905 0.0
127.2692824264 143.5769082905 114.3984917383
122.5953428562 143.5832141682 0.0
122.5953428562 143.5832141682 114.3984917383
122.5953428562 143.5832141682 0.0
122.5953428562 143.5832141682 114.3984917383
130.76836831 0.0 0.0
130.76836831 0.0 114.3984917383
135.43866718 0.0 0.0
135.43866718 0.0 114.3984917383
137.77381662 142.2561613295 0.0
137.77381662 142.2561613295 114.3984917383
136.6167249809 143.5650527153 0.0
136.6167249809 143.5650527153 114.3984917383
136.6167249809 143.5650527153 0.0
136.6167249809 143.5650527153 114.3984917383
109.2950430203 144.5211472711 0.0
109.2950430203 144.5211472711 114.3984917383
114.42232228 142.4915434747 0.0
114.42232228 142.4915434747 114.3984917383
113.2472488059 143.5961981671 0.0
113.2472488059 143.5961981671 114.3984917383
113.2472488059 143.5961981671 0.0
113.2472488059 143.5961981671 114.3984917383
112.08717284 0.0 0.0
112.08717284 0.0 114.3984917383
112.08717284 0.0 0.0
112.08717284 0.0 114.3984917383
115.6251142025 143.644207937 0.0
115.6251142025 143.644207937 114.3984917383
115.6251142025 143.644207937 0.0
115.6251142025 143.644207937 114.3984917383
116.75747171 0.0 0.0
116.75747171 0.0 114.3984917383
126.09806945 0.0 0.0
126.09806945 0.0 114.3984917383
117.9213142771 143.5896742139 0.0
117.9213142771 143.5896742139 114.3984917383
117.9213142771 143.5896742139 0.0
117.9213142771 143.5896742139 114.3984917383
121.42777058 0.0 0.0
121.42777058 0.0 114.3984917383
112.08717284 0.0 0.0
112.08717284 0.0 114.3984917383
110.9563525226 143.6468704283 0.0
110.9563525226 143.6468704283 114.3984917383
110.9563525226 143.6468704283 0.0
110.9563525226 143.6468704283 114.3984917383
35.02724151 72.7601641535 1.9844974923e-16
35.02724151 72.7601641535 114.3984917383
35.02724151 74.15095349 0.0
35.02724151 74.15095349 114.3984917383
36.2522258416 73.4437084605 0.0
36.2522258416 73.4437084605 114.3984917383
138.6460916894 143.7537012749 0.0
138.6460916894 143.7537012749 114.3984917383
139.9002837419 97.1908219073 0.0
139.9002837419 97.1908219073 114.3984917383
139.6922439148 96.829744481 0.0
139.6922439148 96.829744481 114.3984917383
138.2495148253 95.9967844483 0.0
138.2495148253 95.9967844483 114.3984917383
138.8271025009 99.0266531601 0.0
138.8271025009 99.0266531601 114.3984917383
138.1276573682 111.6962397677 9.9224874617e-17
138.1276573682 111.6962397677 114.3984917383
138.1381479394 103.6009881051 0.0
138.1381479394 103.6009881051 114.3984917383
138.8095145296 107.1056936656 0.0
138.8095145296 107.1056936656 114.3984917383
139.8613137508 105.3025161721 0.0
139.8613137508 105.3025161721 114.3984917383
139.6123735823 104.8728262528 0.0
139.6123735823 104.8728262528 114.3984917383
138.1220621405 119.7886650954 9.9224874617e-17
138.1220621405 119.7886650954 114.3984917383
138.7921546847 131.3632557346 0.0
138.7921546847 131.3632557346 114.3984917383
139.8178807049 129.5951770328 0.0
139.8178807049 129.5951770328 114.3984917383
139.5228521747 129.0887258237 0.0
139.5228521747 129.0887258237 114.3984917383
138.7937973935 123.2750092273 0.0
138.7937973935 123.2750092273 114.3984917383
139.8234856361 121.5027460943 0.0
139.8234856361 121.5027460943 114.3984917383
139.534415819 121.0062071669 0.0
139.534415819 121.0062071669 114.3984917383
138.7990564668 115.1888506303 0.0
138.7990564668 115.1888506303 114.3984917383
139.5621116143 112.9330024142 0.0
139.5621116143 112.9330024142 114.3984917383
139.8369105741 113.4058002739 0.0
139.8369105741 113.4058002739 114.3984917383
138.1198862519 127.8791162753 -9.9224874617e-17
138.1198862519 127.8791162753 114.3984917383
138.7929507095 139.4529102497 0.0
138.7929507095 139.4529102497 114.3984917383
139.5223826957 137.1776496924 0.0
139.5223826957 137.1776496924 114.3984917383
139.817657914 137.6845005824 0.0
139.817657914 137.6845005824 114.3984917383
138.2699820692 144.5437707768 0.0
138.2699820692 144.5437707768 114.3984917383
139.6922439148 96.829744481 0.0
139.6922439148 96.829744481 114.3984917383
138.8271025009 99.0266531601 0.0
138.8271025009 99.0266531601 114.3984917383
139.6123735823 104.8728262528 0.0
139.6123735823 104.8728262528 114.3984917383
138.2286720358 104.0739457882 0.0
138.2286720358 104.0739457882 114.3984917383
139.5621116143 112.9330024142 0.0
139.5621116143 112.9330024142 114.3984917383
138.2159270849 112.1557824154 0.0
138.2159270849 112.1557824154 114.3984917383
138.8095145296 107.1056936656 0.0
138.8095145296 107.1056936656 114.3984917383
138.7921546847 131.3632557346 0.0
138.7921546847 131.3632557346 114.3984917383
139.5228521747 129.0887258237 0.0
139.5228521747 129.0887258237 114.3984917383
138.7990564668 115.1888506303 0.0
138.7990564668 115.1888506303 114.3984917383
138.7937973935 123.2750092273 0.0
138.7937973935 123.2750092273 114.3984917383
139.534415819 121.0062071669 0.0
139.534415819 121.0062071669 114.3984917383
138.2091721363 120.2410773659 0.0
138.2091721363 120.2410773659 114.3984917383
138.2066032426 128.3287891444 0.0
138.2066032426 128.3287891444 114.3984917383
139.5223826957 137.1776496924 0.0
139.5223826957 137.1776496924 114.3984917383
138.2068610059 136.4181328922 0.0
138.2068610059 136.4181328922 114.3984917383
138.7929507095 139.4529102497 0.0
138.7929507095 139.4529102497 114.3984917383
127.9474870511 144.5377469234 0.0
127.9474870511 144.5377469234 114.3984917383
128.9166766754 144.5364340096 0.0
128.9166766754 144.5364340096 114.3984917383
109.2950430203 144.5211472711 0.0
109.2950430203 144.5211472711 114.3984917383
110.2068807124 144.5199215072 0.0
110.2068807124 144.5199215072 114.3984917383
118.6210427577 144.5295754272 0.0
118.6210427577 144.5295754272 114.3984917383
119.5619277899 144.5282638407 0.0
119.5619277899 144.5282638407 114.3984917383
113.9580485711 144.5253580709 0.0
113.9580485711 144.5253580709 114.3984917383
114.8843786714 144.5240779032 0.0
114.8843786714 144.5240779032 114.3984917383
123.2841545565 144.5337248847 0.0
123.2841545565 144.5337248847 114.3984917383
124.2393962231 144.53240319 0.0
124.2393962231 144.53240319 114.3984917383
132.6111173333 144.5415970332 0.0
132.6111173333 144.5415970332 114.3984917383
133.5936870301 144.5403088871 0.0
133.5936870301 144.5403088871 114.3984917383
130.76836831 0.0 0.0
130.76836831 0.0 114.3984917383
130.76836831 145.6055086782 0.0
130.76836831 145.6055086782 114.3984917383
121.42777058 0.0 0.0
121.42777058 0.0 114.3984917383
121.42777058 145.6055086782 0.0
121.42777058 145.6055086782 114.3984917383
116.75747171 0.0 0.0
116.75747171 0.0 114.3984917383
116.75747171 145.6055086782 0.0
116.75747171 145.6055086782 114.3984917383
135.43866718 0.0 0.0
135.43866718 0.0 114.3984917383
137.2750983329 144.5452446574 0.0
137.2750983329 144.5452446574 114.3984917383
135.43866718 145.6055086782 0.0
135.43866718 145.6055086782 114.3984917383
126.09806945 0.0 0.0
126.09806945 0.0 114.3984917383
126.09806945 145.6055086782 0.0
126.09806945 145.6055086782 114.3984917383
130.76836831 0.0 0.0
130.76836831 0.0 114.3984917383
130.76836831 145.6055086782 0.0
130.76836831 145.6055086782 114.3984917383
135.43866718 0.0 0.0
135.43866718 0.0 114.3984917383
135.43866718 145.6055086782 0.0
135.43866718 145.6055086782 114.3984917383
112.08717284 0.0 0.0
112.08717284 0.0 114.3984917383
112.08717284 145.6055086782 0.0
112.08717284 145.6055086782 114.3984917383
116.75747171 0.0 0.0
116.75747171 0.0 114.3984917383
116.75747171 145.6055086782 0.0
116.75747171 145.6055086782 114.3984917383
126.09806945 0.0 0.0
126.09806945 0.0 114.3984917383
126.09806945 145.6055086782 0.0
126.09806945 145.6055086782 114.3984917383
121.42777058 0.0 0.0
121.42777058 0.0 114.3984917383
121.42777058 145.6055086782 0.0
121.42777058 145.6055086782 114.3984917383
112.08717284 0.0 0.0
112.08717284 0.0 114.3984917383
112.08717284 145.6055086782 0.0
112.08717284 145.6055086782 114.3984917383
138.2699820692 144.5437707768 0.0
138.2699820692 144.5437707768 114.3984917383
0.0 145.6055086782 77.45256061
140.1089660514 145.6055086782 77.45256061
0.0 142.90911037 78.89055063
140.1089660514 142.90911037 78.89055063
0.0 145.6055086782 80.31252291
140.1089660514 145.6055086782 80.31252291
0.0 145.6055086782 80.31252291
140.1089660514 145.6055086782 80.31252291
0.0 142.90911037 81.75051292
140.1089660514 142.90911037 81.75051292
0.0 145.6055086782 83.1724852
140.1089660514 145.6055086782 83.1724852
0.0 145.6055086782 83.1724852
140.1089660514 145.6055086782 83.1724852
0.0 142.90911037 84.61047521
140.1089660514 142.90911037 84.61047521
0.0 145.6055086782 86.03244749
140.1089660514 145.6055086782 86.03244749
0.0 145.6055086782 86.03244749
140.1089660514 145.6055086782 86.03244749
0.0 142.90911037 87.47043751
140.1089660514 142.90911037 87.47043751
0.0 145.6055086782 88.89240979
140.1089660514 145.6055086782 88.89240979
0.0 145.6055086782 88.89240979
140.1089660514 145.6055086782 88.89240979
0.0 142.90911037 90.3303998
140.1089660514 142.90911037 90.3303998
0.0 145.6055086782 91.75237208
140.1089660514 145.6055086782 91.75237208
0.0 145.6055086782 91.75237208
140.1089660514 145.6055086782 91.75237208
0.0 142.90911037 93.19036209
140.1089660514 142.90911037 93.19036209
0.0 145.6055086782 94.61233437
140.1089660514 145.6055086782 94.61233437
0.0 145.6055086782 94.61233437
140.1089660514 145.6055086782 94.61233437
0.0 142.90911037 96.05032439
140.1089660514 142.90911037 96.05032439
0.0 145.6055086782 97.47229667
140.1089660514 145.6055086782 97.47229667
0.0 145.6055086782 97.47229667
140.1089660514 145.6055086782 97.47229667
0.0 142.90911037 98.91028668
140.1089660514 142.90911037 98.91028668
0.0 145.6055086782 100.33225896
140.1089660514 145.6055086782 100.33225896
0.0 145.6055086782 100.33225896
140.1089660514 145.6055086782 100.33225896
0.0 142.90911037 101.77024898
140.1089660514 142.90911037 101.77024898
0.0 145.6055086782 103.19222125
140.1089660514 145.6055086782 103.19222125
0.0 145.6055086782 103.19222125
140.1089660514 145.6055086782 103.19222125
0.0 142.90911037 104.63021127
140.1089660514 142.90911037 104.63021127
0.0 145.6055086782 106.05218355
140.1089660514 145.6055086782 106.05218355
0.0 145.6055086782 106.05218355
140.1089660514 145.6055086782 106.05218355
0.0 142.90911037 107.49017356
140.1089660514 142.90911037 107.49017356
0.0 145.6055086782 108.91214584
140.1089660514 145.6055086782 108.91214584
0.0 145.6055086782 108.91214584
140.1089660514 145.6055086782 108.91214584
0.0 142.90911037 110.35013586
140.1089660514 142.90911037 110.35013586
0.0 145.6055086782 111.77210813
140.1089660514 145.6055086782 111.77210813
0.0 145.6055086782 111.77210813
140.1089660514 145.6055086782 111.77210813
0.0 142.90911037 113.21009815
140.1089660514 142.90911037 113.21009815
0.0 142.90911037 110.35013586
140.1089660514 142.90911037 110.35013586
0.0 140.21271206 109.39596476
140.1089660514 140.21271206 109.39596476
0.0 140.21271206 112.25592705
140.1089660514 140.21271206 112.25592705
0.0 137.51631375 114.16200338
140.1089660514 137.51631375 114.16200338
0.0 137.51631375 111.30204108
140.1089660514 137.51631375 111.30204108
0.0 134.81991544 110.34848222
140.1089660514 134.81991544 110.34848222
0.0 132.12351713 109.39529745
140.1089660514 132.12351713 109.39529745
0.0 132.12351713 112.25525974
140.1089660514 132.12351713 112.25525974
0.0 129.42711883 114.16246379
140.1089660514 129.42711883 114.16246379
0.0 129.42711883 111.30250149
140.1089660514 129.42711883 111.30250149
0.0 126.73072052 110.35022816
140.1089660514 126.73072052 110.35022816
0.0 124.03432221 109.39850454
140.1089660514 124.03432221 109.39850454
0.0 124.03432221 112.25846684
140.1089660514 124.03432221 112.25846684
0.0 121.3379239 114.16732681
140.1089660514 121.3379239 114.16732681
0.0 121.3379239 111.30736451
140.1089660514 121.3379239 111.30736451
0.0 118.64152559 110.35696212
140.1089660514 118.64152559 110.35696212
0.0 115.94512728 109.40734546
140.1089660514 115.94512728 109.40734546
0.0 115.94512728 112.26730775
140.1089660514 115.94512728 112.26730775
0.0 113.24872897 114.17853181
140.1089660514 113.24872897 114.17853181
0.0 113.24872897 111.31856952
140.1089660514 113.24872897 111.31856952
0.0 110.55233066 110.37080868
140.1089660514 110.55233066 110.37080868
0.0 107.85593235 109.42412917
140.1089660514 107.85593235 109.42412917
0.0 107.85593235 112.28409147
140.1089660514 107.85593235 112.28409147
0.0 105.15953405 114.19856232
140.1089660514 105.15953405 114.19856232
0.0 105.15953405 111.33860003
140.1089660514 105.15953405 111.33860003
0.0 102.46313574 110.39440293
140.1089660514 102.46313574 110.39440293
0.0 99.76673743 112.31156358
140.1089660514 99.76673743 112.31156358
0.0 97.07033912 114.23020925
140.1089660514 97.07033912 114.23020925
0.0 97.07033912 111.37024696
140.1089660514 97.07033912 111.37024696
0.0 99.76673743 109.45160129
140.1089660514 99.76673743 109.45160129
0.0 102.46313574 107.53444064
140.1089660514 102.46313574 107.53444064
0.0 105.15953405 105.61867544
140.1089660514 105.15953405 105.61867544
0.0 107.85593235 103.70420459
140.1089660514 107.85593235 103.70420459
0.0 110.55233066 101.7909218
140.1089660514 110.55233066 101.7909218
0.0 113.24872897 99.87872035
140.1089660514 113.24872897 99.87872035
0.0 115.94512728 97.96749629
140.1089660514 115.94512728 97.96749629
0.0 118.64152559 96.05715066
140.1089660514 118.64152559 96.05715066
0.0 121.3379239 94.14759075
140.1089660514 121.3379239 94.14759075
0.0 124.03432221 92.23873078
140.1089660514 124.03432221 92.23873078
0.0 126.73072052 90.33049211
140.1089660514 126.73072052 90.33049211
0.0 129.42711883 88.42280315
140.1089660514 129.42711883 88.42280315
0.0 132.12351713 86.5155991
140.1089660514 132.12351713 86.5155991
0.0 134.81991544 84.60882158
140.1089660514 134.81991544 84.60882158
0.0 137.51631375 82.70241815
140.1089660514 137.51631375 82.70241815
0.0 140.21271206 80.79634182
140.1089660514 140.21271206 80.79634182
0.0 142.90911037 78.89055063
140.1089660514 142.90911037 78.89055063
0.0 145.6055086782 77.45256061
140.1089660514 145.6055086782 77.45256061
0.0 145.6055086782 77.45256061
140.1089660514 145.6055086782 77.45256061
0.0 145.6055086782 111.77210813
140.1089660514 145.6055086782 111.77210813
0.0 145.6055086782 108.91214584
140.1089660514 145.6055086782 108.91214584
0.0 145.6055086782 106.05218355
140.1089660514 145.6055086782 106.05218355
0.0 145.6055086782 103.19222125
140.1089660514 145.6055086782 103.19222125
0.0 145.6055086782 100.33225896
140.1089660514 145.6055086782 100.33225896
0.0 145.6055086782 97.47229667
140.1089660514 145.6055086782 97.47229667
0.0 145.6055086782 94.61233437
140.1089660514 145.6055086782 94.61233437
0.0 145.6055086782 91.75237208
140.1089660514 145.6055086782 91.75237208
0.0 145.6055086782 88.89240979
140.1089660514 145.6055086782 88.89240979
0.0 145.6055086782 86.03244749
140.1089660514 145.6055086782 86.03244749
0.0 145.6055086782 83.1724852
140.1089660514 145.6055086782 83.1724852
0.0 145.6055086782 80.31252291
140.1089660514 145.6055086782 80.31252291
0.0 142.90911037 78.89055063
140.1089660514 142.90911037 78.89055063
0.0 142.90911037 110.35013586
140.1089660514 142.90911037 110.35013586
140.1089660514 0.0 77.45256061
140.1089660514 145.6055086782 77.45256061
135.43866718 0.0 77.46963174
135.43866718 145.6055086782 77.46963174
136.9954334749 0.0 79.2039904437
136.9954334749 145.6055086782 79.2039904437
135.43866718 0.0 80.32959404
135.43866718 145.6055086782 80.32959404
135.43866718 0.0 83.18955633
135.43866718 145.6055086782 83.18955633
130.76836831 0.0 83.20452064
130.76836831 145.6055086782 83.20452064
130.76836831 0.0 83.20452064
130.76836831 145.6055086782 83.20452064
132.3251346049 0.0 84.9286380737
132.3251346049 145.6055086782 84.9286380737
130.76836831 0.0 86.06448293
130.76836831 145.6055086782 86.06448293
130.76836831 0.0 88.92444522
130.76836831 145.6055086782 88.92444522
126.09806945 0.0 88.93976225
126.09806945 145.6055086782 88.93976225
127.6548357382 0.0 90.6534420537
127.6548357382 145.6055086782 90.6534420537
126.09806945 0.0 91.79972455
126.09806945 145.6055086782 91.79972455
126.09806945 0.0 94.65968684
126.09806945 145.6055086782 94.65968684
121.42777058 0.0 94.6751799
121.42777058 145.6055086782 94.6751799
122.9845368682 0.0 96.3783582737
122.9845368682 145.6055086782 96.3783582737
121.42777058 0.0 97.53514219
121.42777058 145.6055086782 97.53514219
121.42777058 0.0 100.39510449
121.42777058 145.6055086782 100.39510449
116.75747171 0.0 100.41055999
116.75747171 145.6055086782 100.41055999
118.3142379982 0.0 102.1033307604
118.3142379982 145.6055086782 102.1033307604
116.75747171 0.0 103.27052228
116.75747171 145.6055086782 103.27052228
116.75747171 0.0 106.13048458
116.75747171 145.6055086782 106.13048458
112.08717284 0.0 106.14565586
112.08717284 145.6055086782 106.14565586
113.6439391349 0.0 107.8282917938
113.6439391349 145.6055086782 107.8282917938
112.08717284 0.0 109.00561815
112.08717284 145.6055086782 109.00561815
112.08717284 0.0 111.86558044
112.08717284 145.6055086782 111.86558044
107.41687397 0.0 111.88019478
107.41687397 145.6055086782 111.88019478
112.08717284 0.0 111.86558044
112.08717284 145.6055086782 111.86558044
112.08717284 0.0 114.3984917383
112.08717284 145.6055086782 114.3984917383
112.08717284 0.0 114.3984917383
112.08717284 145.6055086782 114.3984917383
112.08717284 0.0 111.86558044
112.08717284 145.6055086782 111.86558044
116.75747171 0.0 111.85040916
116.75747171 145.6055086782 111.85040916
116.75747171 0.0 114.3984917383
116.75747171 145.6055086782 114.3984917383
116.75747171 0.0 114.3984917383
116.75747171 145.6055086782 114.3984917383
116.75747171 0.0 111.85040916
116.75747171 145.6055086782 111.85040916
121.42777058 0.0 111.83495366
121.42777058 145.6055086782 111.83495366
121.42777058 0.0 114.3984917383
121.42777058 145.6055086782 114.3984917383
121.42777058 0.0 114.3984917383
121.42777058 145.6055086782 114.3984917383
121.42777058 0.0 111.83495366
121.42777058 145.6055086782 111.83495366
126.09806945 0.0 111.8194606
126.09806945 145.6055086782 111.8194606
126.09806945 0.0 114.3984917383
126.09806945 145.6055086782 114.3984917383
126.09806945 0.0 114.3984917383
126.09806945 145.6055086782 114.3984917383
126.09806945 0.0 111.8194606
126.09806945 145.6055086782 111.8194606
130.76836831 0.0 111.80414357
130.76836831 145.6055086782 111.80414357
130.76836831 0.0 114.3984917383
130.76836831 145.6055086782 114.3984917383
130.76836831 0.0 114.3984917383
130.76836831 145.6055086782 114.3984917383
130.76836831 0.0 111.80414357
130.76836831 145.6055086782 111.80414357
135.43866718 0.0 111.78917927
135.43866718 145.6055086782 111.78917927
135.43866718 0.0 114.3984917383
135.43866718 145.6055086782 114.3984917383
135.43866718 0.0 114.3984917383
135.43866718 145.6055086782 114.3984917383
135.43866718 0.0 111.78917927
135.43866718 145.6055086782 111.78917927
140.1089660514 0.0 111.77210813
140.1089660514 145.6055086782 111.77210813
140.1089660514 0.0 111.77210813
140.1089660514 145.6055086782 111.77210813
138.5521997622 0.0 110.6696481137
138.5521997622 145.6055086782 110.6696481137
140.1089660514 0.0 108.91214584
140.1089660514 145.6055086782 108.91214584
140.1089660514 0.0 108.91214584
140.1089660514 145.6055086782 108.91214584
138.5521997622 0.0 107.8096858137
138.5521997622 145.6055086782 107.8096858137
140.1089660514 0.0 106.05218355
140.1089660514 145.6055086782 106.05218355
140.1089660514 0.0 106.05218355
140.1089660514 145.6055086782 106.05218355
138.5521997622 0.0 104.9497235237
138.5521997622 145.6055086782 104.9497235237
140.1089660514 0.0 103.19222125
140.1089660514 145.6055086782 103.19222125
140.1089660514 0.0 103.19222125
140.1089660514 145.6055086782 103.19222125
138.5521997622 0.0 102.089761227
138.5521997622 145.6055086782 102.089761227
140.1089660514 0.0 100.33225896
140.1089660514 145.6055086782 100.33225896
140.1089660514 0.0 100.33225896
140.1089660514 145.6055086782 100.33225896
138.5521997622 0.0 99.2297989337
138.5521997622 145.6055086782 99.2297989337
140.1089660514 0.0 97.47229667
140.1089660514 145.6055086782 97.47229667
140.1089660514 0.0 97.47229667
140.1089660514 145.6055086782 97.47229667
138.5521997622 0.0 96.3698366437
138.5521997622 145.6055086782 96.3698366437
140.1089660514 0.0 94.61233437
140.1089660514 145.6055086782 94.61233437
140.1089660514 0.0 94.61233437
140.1089660514 145.6055086782 94.61233437
138.5521997622 0.0 93.5098743437
138.5521997622 145.6055086782 93.5098743437
140.1089660514 0.0 91.75237208
140.1089660514 145.6055086782 91.75237208
140.1089660514 0.0 91.75237208
140.1089660514 145.6055086782 91.75237208
138.5521997622 0.0 90.6499120537
138.5521997622 145.6055086782 90.6499120537
140.1089660514 0.0 88.89240979
140.1089660514 145.6055086782 88.89240979
140.1089660514 0.0 88.89240979
140.1089660514 145.6055086782 88.89240979
138.5521997622 0.0 87.7899497637
138.5521997622 145.6055086782 87.7899497637
140.1089660514 0.0 86.03244749
140.1089660514 145.6055086782 86.03244749
140.1089660514 0.0 86.03244749
140.1089660514 145.6055086782 86.03244749
138.5521997622 0.0 84.9299874637
138.5521997622 145.6055086782 84.9299874637
140.1089660514 0.0 83.1724852
140.1089660514 145.6055086782 83.1724852
140.1089660514 0.0 83.1724852
140.1089660514 145.6055086782 83.1724852
138.5521997622 0.0 82.0700251737
138.5521997622 145.6055086782 82.0700251737
140.1089660514 0.0 80.31252291
140.1089660514 145.6055086782 80.31252291
140.1089660514 0.0 80.31252291
140.1089660514 145.6055086782 80.31252291
138.5521997622 0.0 79.2100628837
138.5521997622 145.6055086782 79.2100628837
140.1089660514 0.0 77.45256061
140.1089660514 145.6055086782 77.45256061
135.43866718 0.0 0.0
135.43866718 145.6055086782 0.0
135.43866718 0.0 0.25064982
135.43866718 145.6055086782 0.25064982
135.43866718 0.0 0.0
135.43866718 145.6055086782 0.0
130.76836831 0.0 0.0
130.76836831 145.6055086782 0.0
130.76836831 0.0 0.26561413
130.76836831 145.6055086782 0.26561413
130.76836831 0.0 0.0
130.76836831 145.6055086782 0.0
126.09806945 0.0 0.0
126.09806945 145.6055086782 0.0
126.09806945 0.0 0.28093116
126.09806945 145.6055086782 0.28093116
126.09806945 0.0 0.0
126.09806945 145.6055086782 0.0
121.42777058 0.0 0.0
121.42777058 145.6055086782 0.0
121.42777058 0.0 0.29642422
121.42777058 145.6055086782 0.29642422
121.42777058 0.0 0.0
121.42777058 145.6055086782 0.0
116.75747171 0.0 0.0
116.75747171 145.6055086782 0.0
116.75747171 0.0 0.31187972
116.75747171 145.6055086782 0.31187972
116.75747171 0.0 0.0
116.75747171 145.6055086782 0.0
112.08717284 0.0 0.0
112.08717284 145.6055086782 0.0
112.08717284 0.0 0.327051
112.08717284 145.6055086782 0.327051
112.08717284 0.0 0.0
112.08717284 145.6055086782 0.0
140.1089660514 0.0 77.45256061
140.1089660514 145.6055086782 77.45256061
140.1089660514 0.0 80.31252291
140.1089660514 145.6055086782 80.31252291
140.1089660514 0.0 83.1724852
140.1089660514 145.6055086782 83.1724852
140.1089660514 0.0 86.03244749
140.1089660514 145.6055086782 86.03244749
140.1089660514 0.0 88.89240979
140.1089660514 145.6055086782 88.89240979
140.1089660514 0.0 91.75237208
140.1089660514 145.6055086782 91.75237208
140.1089660514 0.0 94.61233437
140.1089660514 145.6055086782 94.61233437
140.1089660514 0.0 97.47229667
140.1089660514 145.6055086782 97.47229667
140.1089660514 0.0 100.33225896
140.1089660514 145.6055086782 100.33225896
140.1089660514 0.0 103.19222125
140.1089660514 145.6055086782 103.19222125
140.1089660514 0.0 106.05218355
140.1089660514 145.6055086782 106.05218355
140.1089660514 0.0 108.91214584
140.1089660514 145.6055086782 108.91214584
140.1089660514 0.0 111.77210813
140.1089660514 145.6055086782 111.77210813
135.43866718 0.0 114.3984917383
135.43866718 145.6055086782 114.3984917383
130.76836831 0.0 114.3984917383
130.76836831 145.6055086782 114.3984917383
126.09806945 0.0 114.3984917383
126.09806945 145.6055086782 114.3984917383
121.42777058 0.0 114.3984917383
121.42777058 145.6055086782 114.3984917383
116.75747171 0.0 114.3984917383
116.75747171 145.6055086782 114.3984917383
112.08717284 0.0 114.3984917383
112.08717284 145.6055086782 114.3984917383
130.76836831 0.0 83.20452064
130.76836831 145.6055086782 83.20452064
135.43866718 0.0 0.0
135.43866718 145.6055086782 0.0
130.76836831 0.0 0.0
130.76836831 145.6055086782 0.0
126.09806945 0.0 0.0
126.09806945 145.6055086782 0.0
121.42777058 0.0 0.0
121.42777058 145.6055086782 0.0
116.75747171 0.0 0.0
116.75747171 145.6055086782 0.0
112.08717284 0.0 0.0
112.08717284 145.6055086782 0.0
135.43866718 0.0 111.78917927
135.43866718 145.6055086782 111.78917927
130.76836831 0.0 111.80414357
130.76836831 145.6055086782 111.80414357
126.09806945 0.0 111.8194606
126.09806945 145.6055086782 111.8194606
121.42777058 0.0 111.83495366
121.42777058 145.6055086782 111.83495366
116.75747171 0.0 111.85040916
116.75747171 145.6055086782 111.85040916
112.08717284 0.0 111.86558044
112.08717284 145.6055086782 111.86558044
112.08717284 0.0 111.86558044
112.08717284 145.6055086782 111.86558044
112.9410775296 137.0233116504 0.0
112.9410775296 137.0233116504 114.3984917383
115.9338903364 137.0408188229 0.0
115.9338903364 137.0408188229 114.3984917383
114.42232228 134.4588587491 0.0
114.42232228 134.4588587491 114.3984917383
114.42232228 135.738505714 0.0
114.42232228 135.738505714 114.3984917383
113.6822200562 135.7408163812 0.0
113.6822200562 135.7408163812 114.3984917383
114.0502078278 136.3829549779 0.0
114.0502078278 136.3829549779 114.3984917383
138.1276573682 111.6962397677 0.0
138.1276573682 111.6962397677 114.3984917383
137.77381662 109.8538237393 0.0
137.77381662 109.8538237393 114.3984917383
136.0398894173 112.9016131515 0.0
136.0398894173 112.9016131515 114.3984917383
139.5621116143 112.9330024142 0.0
139.5621116143 112.9330024142 114.3984917383
138.2159270849 112.1557824154 0.0
138.2159270849 112.1557824154 114.3984917383
138.1220621405 119.7886650954 0.0
138.1220621405 119.7886650954 114.3984917383
137.77381662 117.9803942664 0.0
137.77381662 117.9803942664 114.3984917383
136.0613079591 120.978442078 0.0
136.0613079591 120.978442078 114.3984917383
139.534415819 121.0062071669 0.0
139.534415819 121.0062071669 114.3984917383
138.2091721363 120.2410773659 0.0
138.2091721363 120.2410773659 114.3984917383
139.817657914 137.6845005824 0.0
139.817657914 137.6845005824 114.3984917383
135.7514021448 137.6968713664 0.0
135.7514021448 137.6968713664 114.3984917383
137.77381662 141.2125224809 0.0
137.77381662 141.2125224809 114.3984917383
138.7929507095 139.4529102497 0.0
138.7929507095 139.4529102497 114.3984917383
125.7057756763 116.1716181962 0.0
125.7057756763 116.1716181962 114.3984917383
124.54767532 116.8402477498 0.0
124.54767532 116.8402477498 114.3984917383
127.6986350288 116.8692142533 0.0
127.6986350288 116.8692142533 114.3984917383
126.09806945 114.1246386144 0.0
126.09806945 114.1246386144 114.3984917383
126.09806945 115.4902330234 0.0
126.09806945 115.4902330234 114.3984917383
125.3169922283 115.4941721384 0.0
125.3169922283 115.4941721384 114.3984917383
138.1198862519 127.8791162753 0.0
138.1198862519 127.8791162753 114.3984917383
137.77381662 126.0852323963 0.0
137.77381662 126.0852323963 114.3984917383
136.0667942134 129.0644695176 0.0
136.0667942134 129.0644695176 114.3984917383
139.5228521747 129.0887258237 0.0
139.5228521747 129.0887258237 114.3984917383
138.2066032426 128.3287891444 0.0
138.2066032426 128.3287891444 114.3984917383
138.1200184621 135.9682348722 0.0
138.1200184621 135.9682348722 114.3984917383
137.77381662 134.1754756817 0.0
137.77381662 134.1754756817 114.3984917383
136.0617746123 137.1565625083 0.0
136.0617746123 137.1565625083 114.3984917383
139.5223826957 137.1776496924 0.0
139.5223826957 137.1776496924 114.3984917383
138.2068610059 136.4181328922 0.0
138.2068610059 136.4181328922 114.3984917383
139.8613137508 105.3025161721 0.0
139.8613137508 105.3025161721 114.3984917383
135.7207163624 105.3223752205 0.0
135.7207163624 105.3223752205 114.3984917383
137.77381662 108.8823921428 0.0
137.77381662 108.8823921428 114.3984917383
138.8095145296 107.1056936656 0.0
138.8095145296 107.1056936656 114.3984917383
119.09262114 126.3539766233 0.0
119.09262114 126.3539766233 114.3984917383
119.09262114 127.6460103147 0.0
119.09262114 127.6460103147 114.3984917383
118.3478684262 127.6489364908 0.0
118.3478684262 127.6489364908 114.3984917383
118.7181572055 128.2951165247 0.0
118.7181572055 128.2951165247 114.3984917383
117.6058414304 128.9373123406 0.0
117.6058414304 128.9373123406 114.3984917383
120.6173384647 128.9592156293 0.0
120.6173384647 128.9592156293 114.3984917383
138.1381479394 103.6009881051 0.0
138.1381479394 103.6009881051 114.3984917383
137.77381662 101.6959486306 0.0
137.77381662 101.6959486306 114.3984917383
135.9950173158 104.8383251488 0.0
135.9950173158 104.8383251488 114.3984917383
139.6123735823 104.8728262528 0.0
139.6123735823 104.8728262528 114.3984917383
138.2286720358 104.0739457882 0.0
138.2286720358 104.0739457882 114.3984917383
107.2248726246 72.6919023109 0.0
107.2248726246 72.6919023109 114.3984917383
105.08172454 71.45455518 0.0
105.08172454 71.45455518 114.3984917383
105.08172454 72.8650011771 0.0
105.08172454 72.8650011771 114.3984917383
105.08172454 74.15095349 0.0
105.08172454 74.15095349 114.3984917383
107.2999188619 72.8702784031 0.0
107.2999188619 72.8702784031 114.3984917383
107.41687397 72.80275434 0.0
107.41687397 72.80275434 114.3984917383
37.36239095 72.80275434 0.0
37.36239095 72.80275434 114.3984917383
36.1880580045 72.1247528967 0.0
36.1880580045 72.1247528967 114.3984917383
35.02724151 71.45455518 0.0
35.02724151 71.45455518 114.3984917383
35.02724151 72.7601641535 0.0
35.02724151 72.7601641535 114.3984917383
35.02724151 74.15095349 0.0
35.02724151 74.15095349 114.3984917383
36.2522258416 73.4437084605 0.0
36.2522258416 73.4437084605 114.3984917383
121.42777058 123.5966925886 0.0
121.42777058 123.5966925886 114.3984917383
120.6754244717 123.5999549812 0.0
120.6754244717 123.5999549812 114.3984917383
121.0495553244 124.2526848884 0.0
121.0495553244 124.2526848884 114.3984917383
119.9283029003 124.9000402735 0.0
119.9283029003 124.9000402735 114.3984917383
122.9692722363 124.9243086049 0.0
122.9692722363 124.9243086049 114.3984917383
121.42777058 122.288585142 0.0
121.42777058 122.288585142 114.3984917383
110.6009134129 141.070804339 0.0
110.6009134129 141.070804339 114.3984917383
113.6003298692 141.0863336731 0.0
113.6003298692 141.0863336731 114.3984917383
112.08717284 138.5011030085 0.0
112.08717284 138.5011030085 114.3984917383
112.08717284 139.7823289979 0.0
112.08717284 139.7823289979 114.3984917383
111.3452569233 139.7843667064 0.0
111.3452569233 139.7843667064 114.3984917383
111.7142001401 140.4280479483 0.0
111.7142001401 140.4280479483 114.3984917383
139.8178807049 129.5951770328 0.0
139.8178807049 129.5951770328 114.3984917383
135.7544357943 129.6094279234 0.0
135.7544357943 129.6094279234 114.3984917383
137.77381662 133.1195691116 0.0
137.77381662 133.1195691116 114.3984917383
138.7921546847 131.3632557346 0.0
138.7921546847 131.3632557346 114.3984917383
116.75747171 131.693169741 0.0
116.75747171 131.693169741 114.3984917383
116.0166042577 131.6957771076 0.0
116.0166042577 131.6957771076 114.3984917383
116.3849474028 132.3385941403 0.0
116.3849474028 132.3385941403 114.3984917383
115.2763953437 132.9786169738 0.0
115.2763953437 132.9786169738 114.3984917383
118.2725608167 132.9982542388 0.0
118.2725608167 132.9982542388 114.3984917383
116.75747171 130.4102567628 0.0
116.75747171 130.4102567628 114.3984917383
139.8369105741 113.4058002739 0.0
139.8369105741 113.4058002739 114.3984917383
135.7424105514 113.4240952875 0.0
135.7424105514 113.4240952875 114.3984917383
137.77381662 116.9514285973 0.0
137.77381662 116.9514285973 114.3984917383
138.7990564668 115.1888506303 0.0
138.7990564668 115.1888506303 114.3984917383
134.5354805568 99.2452823869 0.0
134.5354805568 99.2452823869 114.3984917383
134.9872683732 100.0273526522 0.0
134.9872683732 100.0273526522 114.3984917383
133.6624992722 100.7922084481 0.0
133.6624992722 100.7922084481 114.3984917383
137.271187126 100.824743308 0.0
137.271187126 100.824743308 114.3984917383
135.43866718 97.6424488294 0.0
135.43866718 97.6424488294 114.3984917383
135.43866718 99.2408927459 0.0
135.43866718 99.2408927459 114.3984917383
123.76292001 118.2126039418 0.0
123.76292001 118.2126039418 114.3984917383
123.76292001 119.5448738713 0.0
123.76292001 119.5448738713 114.3984917383
122.9986616328 119.5484799609 0.0
122.9986616328 119.5484799609 114.3984917383
123.3788525526 120.2114661912 0.0
123.3788525526 120.2114661912 114.3984917383
122.242622259 120.867469061 0.0
122.242622259 120.867469061 114.3984917383
125.3293985685 120.8941315589 0.0
125.3293985685 120.8941315589 114.3984917383
139.8234856361 121.5027460943 0.0
139.8234856361 121.5027460943 114.3984917383
135.7523535664 121.5190308186 0.0
135.7523535664 121.5190308186 114.3984917383
137.77381662 125.0316760378 0.0
137.77381662 125.0316760378 114.3984917383
138.7937973935 123.2750092273 0.0
138.7937973935 123.2750092273 114.3984917383
131.3995435275 104.7951248677 0.0
131.3995435275 104.7951248677 114.3984917383
134.8648422108 104.8282360476 0.0
134.8648422108 104.8282360476 114.3984917383
133.10351775 101.7813240478 0.0
133.10351775 101.7813240478 114.3984917383
133.10351775 103.3076076338 0.0
133.10351775 103.3076076338 114.3984917383
132.2388518699 103.3121198142 0.0
132.2388518699 103.3121198142 114.3984917383
132.6706850302 104.0612309777 0.0
132.6706850302 104.0612309777 114.3984917383
128.0301043617 112.1332680953 0.0
128.0301043617 112.1332680953 114.3984917383
126.8424977022 112.8189331188 0.0
126.8424977022 112.8189331188 114.3984917383
130.0776243503 112.8499277595 0.0
130.0776243503 112.8499277595 114.3984917383
128.43321888 110.0235937458 0.0
128.43321888 110.0235937458 114.3984917383
128.43321888 111.4325175226 0.0
128.43321888 111.4325175226 114.3984917383
127.6299275347 111.4367493428 0.0
127.6299275347 111.4367493428 114.3984917383
139.9002837419 97.1908219073 0.0
139.9002837419 97.1908219073 114.3984917383
135.6821639836 97.2109220643 0.0
135.6821639836 97.2109220643 114.3984917383
137.77381662 100.8291367068 0.0
137.77381662 100.8291367068 114.3984917383
138.8271025009 99.0266531601 0.0
138.8271025009 99.0266531601 114.3984917383
136.8282122629 95.176195033 0.0
136.8282122629 95.176195033 114.3984917383
137.3020069354 95.9945394089 0.0
137.3020069354 95.9945394089 114.3984917383
135.9171023012 96.7941144735 0.0
135.9171023012 96.7941144735 114.3984917383
139.6922439148 96.829744481 0.0
139.6922439148 96.829744481 114.3984917383
138.2495148253 95.9967844483 0.0
138.2495148253 95.9967844483 114.3984917383
137.77381662 95.1721595464 0.0
137.77381662 95.1721595464 114.3984917383
129.12646844 108.8038836875 0.0
129.12646844 108.8038836875 114.3984917383
132.4665336444 108.8363685645 0.0
132.4665336444 108.8363685645 114.3984917383
130.76836831 105.9089858831 0.0
130.76836831 105.9089858831 114.3984917383
130.76836831 107.3716100148 0.0
130.76836831 107.3716100148 114.3984917383
129.9371894854 107.3760510326 0.0
129.9371894854 107.3760510326 114.3984917383
130.3517233087 108.0964824551 0.0
130.3517233087 108.0964824551 114.3984917383
112.08717284 145.6055086782 0.0
112.08717284 145.6055086782 114.3984917383
110.2068807124 144.5199215072 0.0
110.2068807124 144.5199215072 114.3984917383
109.2950430203 144.5211472711 0.0
109.2950430203 144.5211472711 114.3984917383
109.0061983624 143.8267072305 0.0
109.0061983624 143.8267072305 114.3984917383
109.75202341 143.8249188037 0.0
109.75202341 143.8249188037 114.3984917383
109.75202341 142.5381682456 0.0
109.75202341 142.5381682456 114.3984917383
110.9563525226 143.6468704283 0.0
110.9563525226 143.6468704283 114.3984917383
110.1759403505 141.8056597711 0.0
110.1759403505 141.8056597711 114.3984917383
114.0155230103 141.7957768782 0.0
114.0155230103 141.7957768782 114.3984917383
113.2472488059 143.5961981671 0.0
113.2472488059 143.5961981671 114.3984917383
114.42232228 142.4915434747 0.0
114.42232228 142.4915434747 114.3984917383
115.6251142025 143.644207937 0.0
115.6251142025 143.644207937 114.3984917383
114.8255907331 141.7937383613 0.0
114.8255907331 141.7937383613 114.3984917383
118.707035505 141.7835291815 0.0
118.707035505 141.7835291815 114.3984917383
117.9213142771 143.5896742139 0.0
117.9213142771 143.5896742139 114.3984917383
119.09262114 142.4437398288 0.0
119.09262114 142.4437398288 114.3984917383
120.2935904843 143.6410511301 0.0
120.2935904843 143.6410511301 114.3984917383
119.4748126247 141.7815695669 0.0
119.4748126247 141.7815695669 114.3984917383
123.3986665199 141.7712130618 0.0
123.3986665199 141.7712130618 114.3984917383
122.5953428562 143.5832141682 0.0
122.5953428562 143.5832141682 114.3984917383
123.76292001 142.3956107112 0.0
123.76292001 142.3956107112 114.3984917383
124.9618284853 143.6374816002 0.0
124.9618284853 143.6374816002 114.3984917383
124.1239750676 141.7693664451 0.0
124.1239750676 141.7693664451 114.3984917383
128.0900766082 141.7590244941 0.0
128.0900766082 141.7590244941 114.3984917383
127.2692824264 143.5769082905 0.0
127.2692824264 143.5769082905 114.3984917383
128.43321888 142.347907292 0.0
128.43321888 142.347907292 114.3984917383
129.6298793649 143.6335879756 0.0
129.6298793649 143.6335879756 114.3984917383
128.7733979085 141.7573136648 0.0
128.7733979085 141.7573136648 114.3984917383
132.7809846386 141.747125789 0.0
132.7809846386 141.747125789 114.3984917383
131.9430883215 143.5708339362 0.0
131.9430883215 143.5708339362 114.3984917383
133.10351775 142.301258188 0.0
133.10351775 142.301258188 114.3984917383
134.2977949666 143.6294600337 0.0
134.2977949666 143.6294600337 114.3984917383
133.4233446171 141.7455633389 0.0
133.4233446171 141.7455633389 114.3984917383
137.4711707782 141.7356438685 0.0
137.4711707782 141.7356438685 114.3984917383
136.6167249809 143.5650527153 0.0
136.6167249809 143.5650527153 114.3984917383
137.77381662 142.2561613295 0.0
137.77381662 142.2561613295 114.3984917383
138.6460916894 143.7537012749 0.0
138.6460916894 143.7537012749 114.3984917383
138.2699820692 144.5437707768 0.0
138.2699820692 144.5437707768 114.3984917383
137.2750983329 144.5452446574 0.0
137.2750983329 144.5452446574 114.3984917383
135.43866718 145.6055086782 0.0
135.43866718 145.6055086782 114.3984917383
135.43866718 145.6055086782 0.0
135.43866718 145.6055086782 114.3984917383
133.5936870301 144.5403088871 0.0
133.5936870301 144.5403088871 114.3984917383
132.6111173333 144.5415970332 0.0
132.6111173333 144.5415970332 114.3984917383
130.76836831 145.6055086782 0.0
130.76836831 145.6055086782 114.3984917383
130.76836831 145.6055086782 0.0
130.76836831 145.6055086782 114.3984917383
128.9166766754 144.5364340096 0.0
128.9166766754 144.5364340096 114.3984917383
127.9474870511 144.5377469234 0.0
127.9474870511 144.5377469234 114.3984917383
126.09806945 145.6055086782 0.0
126.09806945 145.6055086782 114.3984917383
126.09806945 145.6055086782 0.0
126.09806945 145.6055086782 114.3984917383
124.2393962231 144.53240319 0.0
124.2393962231 144.53240319 114.3984917383
123.2841545565 144.5337248847 0.0
123.2841545565 144.5337248847 114.3984917383
121.42777058 145.6055086782 0.0
121.42777058 145.6055086782 114.3984917383
121.42777058 145.6055086782 0.0
121.42777058 145.6055086782 114.3984917383
119.5619277899 144.5282638407 0.0
119.5619277899 144.5282638407 114.3984917383
118.6210427577 144.5295754272 0.0
118.6210427577 144.5295754272 114.3984917383
116.75747171 145.6055086782 0.0
116.75747171 145.6055086782 114.3984917383
116.75747171 145.6055086782 0.0
116.75747171 145.6055086782 114.3984917383
114.8843786714 144.5240779032 0.0
114.8843786714 144.5240779032 114.3984917383
113.9580485711 144.5253580709 0.0
113.9580485711 144.5253580709 114.3984917383
112.08717284 145.6055086782 0.0
112.08717284 145.6055086782 114.3984917383
112.08717284 145.6055086782 0.0
112.08717284 145.6055086782 114.3984917383
116.75747171 145.6055086782 0.0
116.75747171 145.6055086782 114.3984917383
121.42777058 145.6055086782 0.0
121.42777058 145.6055086782 114.3984917383
126.09806945 145.6055086782 0.0
126.09806945 145.6055086782 114.3984917383
130.76836831 145.6055086782 0.0
130.76836831 145.6055086782 114.3984917383
135.43866718 145.6055086782 0.0
135.43866718 145.6055086782 114.3984917383

CELLS 3004 12016
3 2 1 1393
3 3 5 4
3 6 8 7
3 9 11 10
3 13 12 1399
3 16 15 1403
3 18 20 19
3 21 23 22
3 24 26 25
3 27 29 28
3 30 32 31
3 33 35 34
3 35 33 970
3 37 39 38
3 40 42 41
3 43 45 44
3 44 47 46
3 48 50 49
3 6 7 977
3 52 54 53
3 55 57 56
3 55 56 58
3 59 61 60
3 63 62 1407
3 65 66 1
3 10 67 9
3 62 69 1409
3 70 72 71
3 73 18 74
3 75 77 76
3 80 79 1413
3 81 83 82
3 84 86 85
3 87 88 81
3 89 91 90
3 92 91 89
3 1 93 1395
3 94 96 95
3 69 62 63
3 99 98 1419
3 69 100 1425
3 102 104 103
3 105 107 106
3 108 110 109
3 12 112 1429
3 115 114 1431
3 114 116 1433
3 117 119 118
3 120 121 112
3 77 122 76
3 123 125 124
3 126 81 82
3 127 129 128
3 76 122 130
3 112 121 1439
3 132 134 133
3 124 135 123
3 136 20 10
3 86 138 137
3 139 136 11
3 142 141 979
3 143 145 144
3 146 148 147
3 149 107 150
3 151 108 152
3 153 73 154
3 91 156 155
3 157 152 108
3 138 158 139
3 159 161 160
3 161 163 162
3 164 166 165
3 32 30 982
3 169 168 1442
3 173 172 1444
3 174 176 175
3 177 179 178
3 180 182 181
3 178 184 183
3 185 29 186
3 187 29 185
3 181 182 188
3 189 191 190
3 192 193 190
3 194 196 195
3 195 196 197
3 198 191 189
3 198 199 191
3 192 201 200
3 169 203 202
3 204 205 183
3 175 206 174
3 989 207 1450
3 209 987 1452
3 210 995 1456
3 997 213 1462
3 215 1001 1464
3 1003 216 1470
3 218 217 691
3 220 222 221
3 224 223 1006
3 226 228 227
3 231 230 1008
3 232 233 228
3 223 232 234
3 235 30 236
3 195 238 237
3 239 240 148
3 241 243 242
3 244 246 245
3 38 247 37
3 230 248 1010
3 70 71 1015
3 71 249 1017
3 32 251 250
3 72 225 1021
3 255 254 1024
3 252 255 1028
3 49 257 256
3 258 260 259
3 41 42 261
3 262 263 53
3 259 264 258
3 265 267 266
3 692 270 1033
3 696 271 1036
3 273 272 701
3 275 273 703
3 706 269 1040
3 704 276 1045
3 710 281 1049
3 714 282 1052
3 283 285 284
3 286 288 287
3 289 290 287
3 285 291 284
3 292 54 293
3 262 294 263
3 52 295 262
3 294 295 296
3 296 295 263
3 293 297 292
3 287 290 286
3 171 298 1445
3 299 301 300
3 302 304 303
3 305 307 306
3 306 308 305
3 309 311 310
3 312 314 719
3 315 317 316
3 318 315 319
3 313 320 718
3 321 323 322
3 324 317 315
3 325 312 723
3 326 328 327
3 329 331 330
3 332 334 333
3 335 265 261
3 264 337 336
3 338 339 298
3 50 256 257
3 340 342 341
3 341 342 48
3 343 345 344
3 346 347 338
3 338 171 346
3 100 725 1423
3 349 351 350
3 107 105 731
3 353 355 354
3 356 353 357
3 320 358 722
3 359 361 360
3 362 363 61
3 364 366 365
3 367 361 368
3 369 370 348
3 370 372 371
3 373 375 374
3 354 377 376
3 365 379 378
3 380 382 381
3 369 383 370
3 384 386 385
3 387 388 69
3 137 11 389
3 100 388 99
3 139 11 137
3 390 387 391
3 391 387 63
3 114 392 1479
3 116 114 1481
3 93 394 1485
3 85 86 1487
3 86 2 1489
3 1 394 93
3 394 66 1493
3 1 66 394
3 397 398 71
3 249 399 1057
3 390 391 211
3 387 400 388
3 211 391 1457
3 65 390 211
3 66 211 1453
3 65 211 66
3 63 387 69
3 391 63 1499
3 128 129 82
3 136 19 20
3 161 401 163
3 402 404 403
3 403 71 398
3 249 71 403
3 403 84 402
3 229 249 1009
3 397 72 405
3 11 136 10
3 405 162 163
3 71 72 397
3 225 72 1007
3 72 70 1059
3 253 162 405
3 162 253 1063
3 406 18 19
3 407 405 163
3 408 162 1065
3 405 407 397
3 164 74 406
3 74 18 406
3 153 18 73
3 409 411 410
3 412 414 413
3 92 87 91
3 388 100 69
3 100 99 1503
3 416 102 103
3 417 419 418
3 420 104 80
3 110 421 109
3 83 75 76
3 88 75 83
3 152 157 422
3 409 410 154
3 312 325 90
3 423 92 157
3 106 421 110
3 109 423 108
3 108 151 110
3 108 423 157
3 424 426 425
3 87 156 91
3 422 157 89
3 126 410 156
3 427 76 130
3 116 428 1435
3 157 92 89
3 154 410 126
3 90 155 429
3 401 164 406
3 91 155 90
3 158 430 139
3 410 411 155
3 156 410 155
3 155 411 429
3 154 73 409
3 431 409 73
3 73 74 431
3 18 153 20
3 406 19 432
3 406 432 401
3 401 432 163
3 163 432 407
3 400 387 390
3 430 19 136
3 389 11 9
3 9 115 389
3 433 65 1
3 128 427 434
3 434 427 130
3 392 130 1477
3 130 435 1507
3 127 128 67
3 86 137 436
3 84 138 86
3 86 436 1513
3 2 86 1515
3 398 84 403
3 402 84 85
3 137 138 139
3 398 138 84
3 438 102 439
3 398 158 138
3 9 67 114
3 389 115 1517
3 440 389 1519
3 137 389 436
3 15 13 1521
3 114 115 9
3 397 158 398
3 407 158 397
3 432 430 407
3 20 127 10
3 10 127 67
3 19 430 432
3 127 20 153
3 139 430 136
3 407 430 158
3 82 129 126
3 153 129 127
3 126 129 154
3 154 129 153
3 128 434 67
3 156 81 126
3 87 81 156
3 392 434 130
3 114 434 392
3 132 75 442
3 83 76 427
3 67 434 114
3 82 427 128
3 83 427 82
3 88 443 442
3 421 445 444
3 132 133 77
3 81 88 83
3 75 88 442
3 87 443 88
3 423 443 92
3 92 443 87
3 75 132 77
3 109 446 423
3 423 446 443
3 443 446 442
3 79 77 1415
3 77 133 1525
3 120 417 1531
3 417 418 1529
3 442 448 132
3 446 448 442
3 449 445 421
3 122 77 1535
3 77 79 1537
3 444 445 451
3 420 452 13
3 416 453 102
3 454 80 1541
3 130 122 1543
3 435 130 1545
3 13 15 420
3 80 438 79
3 79 438 1539
3 438 435 1547
3 438 439 435
3 433 440 428
3 438 104 102
3 80 104 438
3 455 400 390
3 388 400 416
3 65 455 390
3 453 428 439
3 453 400 455
3 400 453 416
3 102 453 439
3 455 428 453
3 65 433 455
3 455 433 428
3 1 2 433
3 93 402 1417
3 402 85 1549
3 433 2 1551
3 428 440 1505
3 440 433 1553
3 439 116 1555
3 436 389 1511
3 389 440 1557
3 428 116 439
3 435 439 1509
3 13 456 12
3 445 457 451
3 104 16 103
3 98 16 1559
3 420 16 104
3 15 16 420
3 16 98 103
3 98 99 103
3 103 99 416
3 416 99 388
3 120 112 1565
3 425 94 449
3 13 452 456
3 80 454 452
3 452 454 1569
3 456 112 12
3 461 121 1571
3 121 461 1577
3 121 120 1573
3 463 465 464
3 117 461 1579
3 418 117 1533
3 461 117 1583
3 117 467 1581
3 150 424 149
3 449 106 149
3 421 106 449
3 445 94 457
3 150 463 424
3 151 105 110
3 110 105 106
3 106 107 149
3 465 419 464
3 117 118 467
3 467 118 468
3 117 419 119
3 463 464 424
3 119 419 465
3 467 468 1585
3 451 469 134
3 425 149 424
3 421 444 109
3 109 444 446
3 425 449 149
3 80 452 420
3 446 444 448
3 449 94 445
3 444 451 448
3 464 417 426
3 419 417 464
3 464 426 424
3 457 469 451
3 457 470 1591
3 469 457 1593
3 454 134 1567
3 134 469 1595
3 451 134 448
3 448 134 132
3 419 117 418
3 426 417 471
3 95 457 94
3 471 96 426
3 426 96 425
3 425 96 94
3 456 472 112
3 134 454 1597
3 133 134 1527
3 456 452 470
3 470 452 1589
3 472 456 1601
3 470 457 1605
3 457 95 1603
3 112 472 1563
3 456 470 1599
3 95 96 1607
3 96 472 1611
3 472 96 1609
3 96 471 1613
3 417 120 1617
3 471 417 1615
3 474 476 475
3 39 143 247
3 145 242 144
3 247 477 39
3 143 37 247
3 143 144 37
3 240 146 478
3 241 242 145
3 146 240 479
3 144 481 480
3 474 135 476
3 124 483 482
3 476 135 124
3 482 484 476
3 123 135 482
3 38 475 247
3 474 475 38
3 38 477 474
3 123 485 125
3 141 486 1621
3 488 141 1623
3 394 486 1483
3 486 394 1627
3 486 141 1625
3 141 490 1631
3 402 93 1635
3 490 402 1633
3 490 141 404
3 141 488 981
3 490 404 402
3 404 249 403
3 249 404 399
3 147 148 243
3 491 28 492
3 197 493 492
3 195 237 194
3 494 194 25
3 195 495 238
3 197 495 195
3 25 496 494
3 26 496 25
3 194 237 25
3 237 24 25
3 494 496 24
3 245 26 244
3 24 496 244
3 244 26 24
3 497 246 498
3 245 246 497
3 243 478 499
3 241 147 243
3 479 239 146
3 146 239 148
3 500 239 479
3 89 325 422
3 501 159 502
3 165 412 503
3 166 161 159
3 431 504 409
3 505 166 159
3 431 503 506
3 165 503 164
3 503 412 506
3 74 503 431
3 164 503 74
3 431 506 504
3 411 409 504
3 429 312 90
3 90 325 89
3 507 314 429
3 508 501 1069
3 507 510 509
3 511 510 506
3 504 507 411
3 512 511 413
3 413 511 412
3 513 511 512
3 511 506 412
3 429 314 312
3 411 507 429
3 507 509 314
3 506 510 504
3 504 510 507
3 509 510 513
3 513 510 511
3 165 505 414
3 4 514 1075
3 3 512 413
3 413 5 3
3 5 514 4
3 508 505 501
3 414 505 508
3 5 508 514
3 401 166 164
3 161 166 401
3 414 412 165
3 160 161 162
3 159 501 505
3 165 166 505
3 408 160 162
3 502 159 1079
3 159 160 1077
3 508 36 514
3 5 413 414
3 414 508 5
3 36 508 971
3 516 140 1082
3 235 517 1088
3 517 516 1090
3 30 235 1094
3 251 32 1098
3 204 519 174
3 180 520 188
3 521 168 202
3 303 304 175
3 169 202 168
3 521 522 168
3 125 485 1639
3 168 522 1640
3 176 303 175
3 174 206 523
3 202 302 521
3 202 304 302
3 524 206 175
3 525 178 183
3 192 182 193
3 174 519 176
3 184 204 183
3 523 176 519
3 184 519 204
3 525 526 178
3 526 520 180
3 200 180 188
3 200 188 192
3 189 199 527
3 525 520 526
3 190 193 528
3 191 201 190
3 529 531 530
3 527 198 189
3 529 532 531
3 192 190 201
3 491 187 28
3 533 534 530
3 531 532 527
3 535 529 534
3 529 530 534
3 533 530 535
3 533 536 534
3 27 187 185
3 536 537 185
3 536 533 537
3 185 537 27
3 28 187 27
3 180 181 526
3 538 529 535
3 186 29 27
3 196 493 197
3 534 539 535
3 185 186 536
3 28 540 492
3 491 540 187
3 187 540 29
3 492 541 197
3 238 495 196
3 29 540 28
3 186 27 537
3 530 538 535
3 537 539 186
3 527 532 198
3 186 539 536
3 532 529 538
3 531 538 530
3 533 539 537
3 536 539 534
3 535 539 533
3 190 528 189
3 527 199 542
3 526 181 177
3 191 199 528
3 532 542 198
3 193 200 201
3 193 201 528
3 538 542 532
3 531 542 538
3 528 201 191
3 542 199 198
3 528 199 189
3 542 531 527
3 525 177 520
3 200 182 180
3 177 181 520
3 520 181 188
3 188 182 192
3 193 182 200
3 177 178 526
3 523 205 204
3 184 179 205
3 183 179 525
3 178 179 184
3 525 179 177
3 519 205 523
3 205 179 183
3 174 523 204
3 205 519 184
3 304 203 524
3 202 203 304
3 304 524 175
3 203 521 302
3 523 206 176
3 203 302 524
3 303 524 302
3 176 206 303
3 303 206 524
3 485 170 1641
3 203 169 521
3 170 125 1643
3 169 522 521
3 522 169 1642
3 1100 32 1647
3 988 208 1650
3 1102 543 1654
3 1106 251 1659
3 1111 167 1662
3 216 1109 1498
3 1115 215 1666
3 64 1113 1406
3 984 30 1673
3 993 210 1674
3 167 1121 1660
3 213 1125 1460
3 991 209 1680
3 1110 214 1682
3 1114 544 1684
3 545 1127 1686
3 1117 64 1690
3 1067 488 1693
3 518 1131 1694
3 1133 489 1698
3 1092 516 1703
3 1103 518 1704
3 396 1135 1492
3 1086 517 1709
3 996 212 1710
3 207 1141 1448
3 1137 396 1714
3 1096 235 1717
3 1142 546 1718
3 489 1145 1626
3 1143 487 1722
3 734 548 1149
3 220 221 549
3 277 220 550
3 551 33 552
3 268 550 553
3 515 555 554
3 34 35 1150
3 549 34 1152
3 515 554 1078
3 555 556 554
3 558 557 1156
3 160 408 1157
3 549 221 34
3 554 549 1162
3 501 502 1163
3 555 515 1164
3 557 555 1158
3 559 31 560
3 255 252 561
3 555 557 556
3 556 553 550
3 220 549 554
3 550 554 556
3 220 554 550
3 220 277 739
3 222 220 741
3 34 221 33
3 221 279 33
3 33 279 743
3 552 33 745
3 514 36 1167
3 33 551 1166
3 551 217 1168
3 217 218 1170
3 562 563 226
3 564 563 562
3 227 228 565
3 562 227 566
3 227 565 567
3 251 273 250
3 563 568 558
3 234 252 223
3 227 562 226
3 563 558 561
3 562 569 564
3 563 561 226
3 226 561 234
3 561 558 255
3 568 553 556
3 564 568 563
3 558 568 557
3 557 568 556
3 564 553 568
3 553 570 749
3 268 553 697
3 570 553 564
3 561 252 234
3 558 254 255
3 254 558 1064
3 223 252 1004
3 236 30 31
3 571 573 572
3 224 574 223
3 253 405 1029
3 405 72 1173
3 516 573 1176
3 572 573 517
3 574 224 1178
3 248 574 1014
3 230 231 571
3 272 273 251
3 248 575 574
3 249 229 1019
3 230 559 248
3 248 559 575
3 572 236 230
3 230 236 559
3 573 571 1182
3 571 231 1180
3 517 235 572
3 572 235 236
3 571 572 230
3 573 516 517
3 575 223 574
3 232 228 234
3 569 562 751
3 562 566 753
3 31 32 250
3 575 232 223
3 565 275 757
3 567 565 761
3 234 228 226
3 236 31 559
3 228 233 565
3 559 560 575
3 575 560 232
3 560 233 232
3 560 31 250
3 250 233 560
3 250 273 233
3 233 273 565
3 565 273 275
3 272 251 765
3 148 240 478
3 237 238 494
3 480 481 145
3 499 478 147
3 148 478 243
3 241 499 147
3 147 478 146
3 499 242 243
3 479 578 500
3 123 483 485
3 578 579 497
3 239 580 240
3 498 579 500
3 500 580 239
3 240 580 479
3 500 578 498
3 498 578 497
3 500 579 580
3 580 579 578
3 479 580 578
3 498 581 579
3 246 581 498
3 581 497 579
3 581 245 497
3 246 582 581
3 244 582 246
3 237 494 24
3 245 582 26
3 26 582 496
3 496 582 244
3 581 582 245
3 196 495 493
3 541 495 197
3 540 541 492
3 491 541 540
3 492 493 491
3 493 541 491
3 494 238 194
3 493 495 541
3 238 196 194
3 145 481 241
3 499 481 242
3 474 484 135
3 143 39 480
3 143 480 145
3 241 481 499
3 242 481 144
3 144 480 37
3 480 39 37
3 484 477 475
3 474 477 484
3 135 484 482
3 475 477 247
3 39 477 38
3 476 484 475
3 482 483 123
3 125 170 483
3 483 170 485
3 476 124 482
3 483 124 125
3 399 404 1183
3 404 141 1185
3 140 516 978
3 141 142 1187
3 50 48 256
3 171 338 298
3 340 339 338
3 341 49 256
3 583 585 584
3 267 261 42
3 586 47 44
3 261 266 41
3 266 267 42
3 587 588 327
3 258 264 589
3 590 328 326
3 267 265 586
3 41 592 591
3 336 258 589
3 326 593 589
3 328 593 594
3 595 334 332
3 596 598 597
3 332 599 596
3 593 328 590
3 347 339 342
3 600 602 601
3 378 604 1189
3 570 564 769
3 564 569 767
3 764 547 1194
3 772 606 1199
3 774 607 1203
3 750 576 1206
3 607 608 1201
3 776 378 1211
3 760 577 1214
3 763 251 1216
3 227 567 781
3 566 227 783
3 702 274 1220
3 784 364 1225
3 606 364 1197
3 786 608 1229
3 768 605 1230
3 782 603 1232
3 788 604 1237
3 270 276 1031
3 792 6 1239
3 744 280 1242
3 794 7 1247
3 796 51 1248
3 218 799 1074
3 609 281 1253
3 217 551 797
3 551 552 801
3 804 609 1255
3 740 278 1258
3 550 268 807
3 277 550 707
3 279 221 715
3 221 222 809
3 610 611 172
3 610 172 308
3 23 57 612
3 172 613 308
3 308 613 305
3 614 308 306
3 284 291 299
3 612 307 615
3 289 283 616
3 287 288 616
3 287 617 289
3 285 299 300
3 283 284 617
3 283 617 616
3 297 54 52
3 52 262 292
3 617 287 616
3 618 288 286
3 619 621 620
3 43 622 47
3 46 294 296
3 291 301 299
3 623 624 286
3 625 297 293
3 46 47 622
3 263 622 296
3 294 622 263
3 46 622 294
3 586 45 47
3 46 43 44
3 296 43 46
3 261 265 266
3 43 296 622
3 262 295 294
3 263 295 53
3 53 295 52
3 53 54 292
3 620 625 293
3 290 623 286
3 293 54 619
3 624 621 625
3 619 297 625
3 619 54 297
3 293 619 620
3 292 262 53
3 292 297 52
3 620 621 618
3 290 616 288
3 625 621 619
3 618 623 288
3 290 289 616
3 618 624 620
3 618 621 623
3 286 624 618
3 623 621 624
3 288 623 290
3 620 624 625
3 283 626 285
3 289 626 283
3 617 626 289
3 284 626 617
3 299 626 284
3 300 291 285
3 627 628 56
3 57 627 56
3 626 299 285
3 301 628 58
3 22 612 21
3 612 57 21
3 58 628 55
3 629 56 628
3 21 57 55
3 58 629 300
3 55 627 21
3 55 628 627
3 300 629 291
3 23 627 57
3 300 301 58
3 21 627 23
3 56 629 58
3 291 629 301
3 629 628 301
3 306 307 22
3 615 307 614
3 613 610 305
3 305 610 614
3 614 610 308
3 23 615 22
3 614 307 305
3 615 23 612
3 22 615 306
3 306 615 614
3 22 307 612
3 172 173 613
3 172 611 1446
3 346 171 1727
3 298 346 1473
3 611 173 1726
3 173 611 613
3 611 610 613
3 62 735 1687
3 798 219 1260
3 276 609 1043
3 7 8 816
3 608 270 1227
3 609 276 373
3 6 281 318
3 607 604 630
3 314 509 821
3 632 633 348
3 634 315 318
3 3 4 817
3 281 6 1047
3 315 316 319
3 635 321 322
3 313 631 636
3 509 513 825
3 324 634 373
3 344 637 372
3 373 634 609
3 318 8 6
3 634 318 281
3 634 281 609
3 631 313 820
3 374 310 382
3 321 320 313
3 324 315 634
3 321 313 636
3 316 631 824
3 316 317 631
3 636 317 638
3 355 639 343
3 318 319 8
3 631 317 636
3 324 374 638
3 373 374 324
3 638 317 324
3 513 512 829
3 512 3 831
3 8 319 830
3 319 316 828
3 377 367 376
3 345 640 344
3 356 322 641
3 638 323 636
3 152 422 835
3 635 320 321
3 642 644 643
3 641 380 639
3 267 586 335
3 40 591 645
3 587 594 646
3 587 334 588
3 597 332 596
3 326 594 593
3 327 594 326
3 598 331 597
3 588 333 646
3 595 333 588
3 597 599 595
3 595 332 597
3 595 599 333
3 599 332 333
3 585 330 598
3 588 334 595
3 596 331 329
3 587 328 594
3 589 593 336
3 646 334 587
3 333 334 646
3 260 647 259
3 589 590 326
3 327 328 587
3 593 590 336
3 264 590 589
3 336 590 264
3 588 646 327
3 258 337 260
3 647 40 645
3 259 337 264
3 594 327 646
3 260 337 645
3 336 337 258
3 591 647 260
3 40 41 591
3 592 647 591
3 592 40 647
3 41 266 592
3 591 260 645
3 592 42 40
3 44 335 586
3 592 266 42
3 44 45 335
3 335 45 265
3 47 45 43
3 267 335 261
3 265 45 586
3 647 645 259
3 645 337 259
3 256 648 341
3 339 347 298
3 340 347 342
3 338 347 340
3 49 341 48
3 649 50 257
3 584 257 583
3 583 257 49
3 649 584 330
3 341 648 340
3 330 584 329
3 339 648 342
3 649 585 583
3 298 347 346
3 340 648 339
3 48 648 256
3 342 648 48
3 584 649 257
3 598 329 585
3 649 330 585
3 596 329 598
3 597 331 599
3 331 598 330
3 585 329 584
3 599 331 596
3 49 50 583
3 50 649 583
3 650 652 651
3 653 351 349
3 654 350 655
3 352 656 730
3 652 657 840
3 461 845 1575
3 843 461 1735
3 655 651 848
3 657 650 844
3 119 465 849
3 358 600 601
3 118 119 855
3 658 359 360
3 644 352 856
3 656 352 658
3 352 359 658
3 656 59 860
3 150 107 861
3 463 150 863
3 349 60 363
3 363 659 349
3 653 349 866
3 349 659 864
3 362 660 363
3 660 659 363
3 658 61 656
3 350 60 349
3 656 61 59
3 59 60 654
3 654 655 870
3 465 463 871
3 59 654 862
3 654 60 350
3 350 661 655
3 60 61 363
3 662 664 663
3 658 362 61
3 351 665 876
3 601 602 643
3 468 841 1587
3 881 121 1739
3 655 661 651
3 651 661 650
3 468 118 879
3 667 666 886
3 651 652 854
3 657 652 650
3 661 351 888
3 660 667 659
3 653 665 351
3 665 653 890
3 659 667 894
3 650 661 880
3 12 895 1397
3 350 351 661
3 121 889 1437
3 867 12 1745
3 112 891 1427
3 899 112 1749
3 668 669 343
3 15 903 1401
3 671 672 369
3 354 355 669
3 386 672 671
3 384 672 386
3 674 673 904
3 909 100 1753
3 99 905 1501
3 911 99 1757
3 671 369 673
3 666 675 914
3 676 385 664
3 919 98 1759
3 662 663 922
3 642 361 359
3 676 678 677
3 16 923 1561
3 925 16 1763
3 929 15 1765
3 667 675 666
3 931 13 1767
3 13 915 1523
3 323 382 380
3 105 151 857
3 322 380 641
3 679 362 360
3 601 643 834
3 643 602 642
3 368 602 357
3 358 601 936
3 357 376 368
3 667 680 675
3 422 325 937
3 643 644 938
3 151 152 939
3 383 681 668
3 668 344 372
3 642 602 368
3 376 367 368
3 357 602 600
3 644 359 352
3 669 355 343
3 368 361 642
3 359 644 642
3 343 639 345
3 354 669 682
3 663 664 385
3 664 662 940
3 676 677 683
3 367 677 684
3 670 680 678
3 684 677 678
3 680 667 660
3 361 684 360
3 367 684 361
3 680 660 679
3 675 680 928
3 680 670 942
3 670 664 902
3 677 367 377
3 672 681 383
3 677 377 683
3 679 660 362
3 676 683 385
3 683 384 385
3 664 670 676
3 676 670 678
3 679 678 680
3 678 679 684
3 360 684 679
3 658 360 362
3 671 674 944
3 384 683 682
3 370 371 632
3 365 632 371
3 98 949 1421
3 377 682 683
3 348 370 632
3 663 385 918
3 385 386 950
3 383 372 370
3 386 671 948
3 674 671 673
3 345 639 381
3 369 348 952
3 673 369 908
3 355 641 639
3 672 383 369
3 354 682 377
3 682 669 681
3 384 681 672
3 668 372 383
3 682 681 384
3 638 382 323
3 376 353 354
3 669 668 681
3 343 344 668
3 357 353 376
3 600 356 357
3 356 641 353
3 356 635 322
3 353 641 355
3 320 635 358
3 310 375 309
3 382 310 381
3 639 380 381
3 636 323 321
3 635 356 600
3 358 635 600
3 323 380 322
3 365 378 364
3 374 382 638
3 372 637 371
3 637 640 630
3 345 311 640
3 309 685 311
3 604 607 1235
3 270 375 276
3 276 375 373
3 608 685 309
3 374 375 310
3 270 608 309
3 309 375 270
3 381 311 345
3 640 637 344
3 310 311 381
3 608 607 685
3 685 630 640
3 311 685 640
3 685 607 630
3 366 632 365
3 606 548 954
3 364 378 1223
3 364 606 366
3 637 630 379
3 637 379 371
3 379 365 371
3 604 379 630
3 378 379 604
3 548 606 1147
3 633 686 958
3 963 62 1773
3 686 687 964
3 687 686 633
3 348 633 724
3 687 633 366
3 366 633 632
3 366 606 966
3 687 366 962
3 969 69 1775
3 69 965 1411
3 217 689 691
3 688 219 690
3 269 694 1032
3 695 268 1266
3 270 692 1037
3 268 697 1264
3 272 699 701
3 698 274 700
3 273 701 703
3 700 274 702
3 276 704 1041
3 277 707 1274
3 278 708 1044
3 709 277 1280
3 280 712 1048
3 713 279 1286
3 281 710 1053
3 279 715 1284
3 314 717 719
3 716 313 718
3 320 720 718
3 721 312 719
3 312 721 723
3 720 320 722
3 100 727 725
3 726 348 724
3 105 729 731
3 728 352 730
3 358 732 722
3 733 325 723
3 547 736 1148
3 735 1295 1731
3 277 709 739
3 708 278 738
3 220 739 741
3 738 278 740
3 279 713 743
3 712 280 742
3 33 743 745
3 742 280 744
3 570 747 749
3 746 271 748
3 553 749 697
3 748 271 696
3 562 753 751
3 752 576 750
3 566 755 753
3 754 576 752
3 275 759 757
3 758 577 756
3 565 757 761
3 756 577 760
3 251 763 765
3 762 547 764
3 564 767 769
3 766 605 768
3 569 771 767
3 770 605 766
3 606 772 1195
3 272 765 1300
3 274 698 1198
3 699 272 1306
3 605 770 1202
3 771 569 1312
3 607 774 1207
3 569 751 1310
3 603 778 1210
3 779 567 1322
3 378 776 1215
3 567 761 1320
3 737 763 1294
3 736 547 762
3 567 779 781
3 778 603 780
3 227 781 783
3 780 603 782
3 364 784 1221
3 275 703 1330
3 577 758 1224
3 759 275 1336
3 271 746 1228
3 747 570 1342
3 608 786 1231
3 570 769 1340
3 604 788 1233
3 566 783 1350
3 576 754 1236
3 755 566 1356
3 51 790 1238
3 791 552 1362
3 6 792 1243
3 552 745 1360
3 219 688 1246
3 689 217 1372
3 7 794 1249
3 217 797 1370
3 218 691 799
3 690 219 798
3 551 801 797
3 800 51 796
3 552 791 801
3 790 51 800
3 282 802 1254
3 803 222 1382
3 609 804 1259
3 222 741 1380
3 268 695 807
3 694 269 806
3 550 807 707
3 806 269 706
3 221 809 715
3 808 282 714
3 222 803 809
3 802 282 808
3 62 811 735
3 810 548 734
3 7 812 1261
3 813 4 1391
3 8 814 816
3 815 3 817
3 509 819 821
3 818 631 820
3 4 813 817
3 812 7 816
3 513 823 825
3 822 316 824
3 313 716 820
3 717 314 821
3 631 818 824
3 819 509 825
3 512 827 829
3 826 319 828
3 3 815 831
3 814 8 830
3 319 826 830
3 827 512 831
3 316 822 828
3 823 513 829
3 422 833 835
3 832 601 834
3 656 836 730
3 837 107 731
3 657 838 840
3 841 839 1737
3 461 843 845
3 842 657 844
3 839 843 1781
3 838 657 842
3 651 846 848
3 847 119 849
3 650 850 844
3 845 851 1733
3 465 853 849
3 852 655 848
3 119 847 855
3 846 651 854
3 352 728 856
3 729 105 857
3 59 858 860
3 859 150 861
3 107 837 861
3 836 656 860
3 150 859 863
3 858 59 862
3 349 864 866
3 865 12 867
3 659 868 864
3 869 12 865
3 655 852 870
3 853 465 871
3 463 873 871
3 872 654 870
3 654 872 862
3 873 463 863
3 665 874 876
3 877 875 1787
3 468 879 841
3 878 652 840
3 851 881 1783
3 850 650 880
3 118 883 879
3 882 652 878
3 666 884 886
3 887 885 1791
3 652 882 854
3 883 118 855
3 351 876 888
3 889 877 1743
3 653 892 890
3 891 893 1747
3 667 886 894
3 895 887 1741
3 661 896 880
3 897 121 881
3 12 869 895
3 868 659 894
3 121 897 889
3 896 661 888
3 893 867 1793
3 892 653 866
3 112 899 891
3 898 665 890
3 875 899 1785
3 874 665 898
3 15 901 903
3 900 670 902
3 673 906 904
3 905 907 1755
3 907 909 1795
3 906 673 908
3 99 911 905
3 910 674 904
3 913 911 1797
3 912 674 910
3 675 916 914
3 915 917 1769
3 921 919 1801
3 920 663 918
3 663 920 922
3 923 921 1761
3 16 925 923
3 924 662 922
3 927 925 1803
3 926 662 924
3 917 929 1799
3 916 675 928
3 885 931 1789
3 884 666 930
3 13 931 915
3 930 666 914
3 151 933 857
3 932 644 856
3 643 934 834
3 935 152 835
3 601 832 936
3 833 422 937
3 325 733 937
3 732 358 936
3 644 932 938
3 933 151 939
3 152 935 939
3 934 643 938
3 662 926 940
3 941 927 1805
3 680 942 928
3 943 15 929
3 670 900 942
3 901 15 943
3 664 940 902
3 903 941 1751
3 674 912 944
3 945 913 1807
3 98 947 949
3 946 386 948
3 385 950 918
3 951 98 919
3 386 946 950
3 947 98 951
3 671 944 948
3 949 945 1771
3 348 726 952
3 727 100 953
3 369 952 908
3 953 100 909
3 548 810 954
3 811 62 955
3 686 956 958
3 959 957 1811
3 961 963 1813
3 960 687 962
3 687 960 964
3 965 961 1777
3 633 958 724
3 725 959 1475
3 606 954 966
3 955 62 967
3 366 966 962
3 967 62 963
3 957 969 1809
3 956 686 968
3 69 969 965
3 968 686 964
3 33 972 970
3 973 36 971
3 7 975 977
3 974 51 976
3 141 981 979
3 980 140 978
3 30 984 982
3 983 985 1817
3 987 989 1454
3 986 208 988
3 209 991 987
3 990 208 986
3 210 993 995
3 992 212 994
3 995 997 1458
3 994 212 996
3 215 999 1001
3 998 214 1000
3 1001 1003 1466
3 1000 214 1002
3 223 1004 1006
3 1005 225 1007
3 230 1010 1008
3 1011 229 1009
3 248 1012 1010
3 1013 229 1011
3 71 1017 1015
3 1016 248 1014
3 249 1019 1017
3 1018 248 1016
3 225 1023 1021
3 1022 252 1020
3 254 1026 1024
3 1027 253 1025
3 255 1024 1028
3 1025 253 1029
3 270 1031 1033
3 1030 269 1032
3 271 1034 1036
3 1035 270 1037
3 269 1038 1040
3 1039 276 1041
3 276 1043 1045
3 1042 278 1044
3 281 1047 1049
3 1046 280 1048
3 282 1050 1052
3 1051 281 1053
3 399 1055 1057
3 1054 231 1056
3 249 1057 1009
3 1056 231 1008
3 72 1059 1007
3 1058 224 1006
3 70 1061 1059
3 1060 224 1058
3 253 1027 1063
3 1026 254 1062
3 162 1063 1065
3 1062 254 1064
3 488 1067 981
3 1066 140 980
3 501 1071 1069
3 1070 35 1068
3 514 1073 1075
3 1072 218 1074
3 159 1077 1079
3 1076 515 1078
3 160 1081 1077
3 1080 515 1076
3 508 1069 971
3 1068 35 970
3 140 1084 1082
3 1083 1085 1821
3 517 1086 1088
3 1089 1087 1825
3 516 1092 1090
3 1091 1093 1829
3 235 1096 1094
3 1095 1097 1833
3 32 1100 1098
3 1099 1101 1837
3 214 998 1646
3 999 215 1840
3 235 1088 1651
3 207 989 1824
3 517 1090 1655
3 518 1103 1828
3 544 1104 1658
3 1105 545 1854
3 1109 1111 1664
3 1108 214 1110
3 216 1003 1109
3 1002 214 1108
3 1113 1115 1668
3 1112 544 1114
3 64 1117 1113
3 1116 544 1112
3 212 1118 1672
3 1119 167 1858
3 1121 993 1676
3 1120 212 992
3 167 1119 1121
3 1118 212 1120
3 213 1123 1125
3 1122 208 1124
3 1125 991 1678
3 1124 208 990
3 32 982 1683
3 167 1111 1816
3 251 1098 1685
3 215 1115 1836
3 545 1105 1127
3 1104 544 1126
3 1127 1117 1688
3 1126 544 1116
3 1085 1067 1819
3 1084 140 1066
3 518 1129 1131
3 1128 546 1130
3 1131 1133 1696
3 1130 546 1132
3 546 1128 1702
3 1129 518 1870
3 1135 1103 1706
3 1134 543 1102
3 396 1137 1135
3 1136 543 1134
3 543 1138 1708
3 1139 207 1874
3 30 1094 1711
3 213 997 1832
3 207 1139 1141
3 1138 543 1140
3 1141 1137 1712
3 1140 543 1136
3 208 1122 1716
3 1123 213 1882
3 516 1082 1719
3 487 1143 1820
3 489 1133 1145
3 1132 546 1144
3 1145 1143 1720
3 1144 546 1142
3 548 1147 1149
3 1146 547 1148
3 35 1070 1150
3 1071 501 1151
3 34 1150 1152
3 1151 501 1153
3 554 1154 1078
3 1155 502 1079
3 557 1158 1156
3 1159 160 1157
3 408 1161 1157
3 1160 558 1156
3 549 1152 1162
3 1153 501 1163
3 502 1155 1163
3 1154 554 1162
3 515 1080 1164
3 1081 160 1165
3 555 1164 1158
3 1165 160 1159
3 36 973 1167
3 972 33 1166
3 551 1168 1166
3 1169 514 1167
3 217 1170 1168
3 1171 514 1169
3 218 1072 1170
3 1073 514 1171
3 558 1160 1064
3 1161 408 1065
3 252 1022 1004
3 1023 225 1005
3 405 1173 1029
3 1172 252 1028
3 72 1021 1173
3 1020 252 1172
3 573 1174 1176
3 1175 142 1177
3 224 1060 1178
3 1061 70 1179
3 574 1178 1014
3 1179 70 1015
3 229 1013 1019
3 1012 248 1018
3 571 1180 1182
3 1181 399 1183
3 231 1054 1180
3 1055 399 1181
3 404 1185 1183
3 1184 573 1182
3 141 1187 1185
3 1186 573 1184
3 516 1176 978
3 1177 142 979
3 142 1175 1187
3 1174 573 1186
3 604 1191 1189
3 1190 603 1188
3 547 1192 1194
3 1193 606 1195
3 606 1197 1199
3 1196 274 1198
3 607 1201 1203
3 1200 605 1202
3 576 1204 1206
3 1205 607 1207
3 608 1209 1201
3 1208 605 1200
3 378 1189 1211
3 1188 603 1210
3 577 1212 1214
3 1213 378 1215
3 251 1106 1216
3 1217 1107 1889
3 274 1218 1220
3 1219 364 1221
3 364 1223 1225
3 1222 577 1224
3 364 1219 1197
3 1218 274 1196
3 608 1227 1229
3 1226 271 1228
3 605 1208 1230
3 1209 608 1231
3 603 1190 1232
3 1191 604 1233
3 604 1235 1237
3 1234 576 1236
3 276 1039 1031
3 1038 269 1030
3 6 977 1239
3 976 51 1238
3 280 1240 1242
3 1241 6 1243
3 7 1245 1247
3 1244 219 1246
3 51 974 1248
3 975 7 1249
3 799 1250 1074
3 1251 4 1075
3 281 1051 1253
3 1050 282 1252
3 609 1253 1255
3 1252 282 1254
3 278 1256 1258
3 1257 609 1259
3 219 1244 1260
3 1245 7 1261
3 609 1257 1043
3 1256 278 1042
3 270 1035 1227
3 1034 271 1226
3 6 1241 1047
3 1240 280 1046
3 607 1205 1235
3 1204 576 1234
3 378 1213 1223
3 1212 577 1222
3 606 1193 1147
3 1192 547 1146
3 694 1262 1032
3 1263 692 1033
3 268 1264 1266
3 1265 693 1267
3 692 1269 1037
3 1268 696 1036
3 697 1270 1264
3 1271 693 1265
3 704 1273 1041
3 1272 706 1040
3 707 1276 1274
3 1277 705 1275
3 708 1278 1044
3 1279 704 1045
3 277 1274 1280
3 1275 705 1281
3 712 1282 1048
3 1283 710 1049
3 279 1284 1286
3 1285 711 1287
3 710 1289 1053
3 1288 714 1052
3 715 1290 1284
3 1291 711 1285
3 736 1292 1148
3 1293 734 1149
3 735 1297 1295
3 1296 737 1294
3 772 1299 1195
3 1298 764 1194
3 765 1302 1300
3 1303 773 1301
3 698 1304 1198
3 1305 772 1199
3 272 1300 1306
3 1301 773 1307
3 770 1308 1202
3 1309 774 1203
3 569 1310 1312
3 1311 775 1313
3 774 1315 1207
3 1314 750 1206
3 751 1316 1310
3 1317 775 1311
3 778 1318 1210
3 1319 776 1211
3 567 1320 1322
3 1321 777 1323
3 776 1325 1215
3 1324 760 1214
3 761 1326 1320
3 1327 777 1321
3 763 1216 1294
3 1295 1217 1779
3 784 1329 1221
3 1328 702 1220
3 703 1332 1330
3 1333 785 1331
3 758 1334 1224
3 1335 784 1225
3 275 1330 1336
3 1331 785 1337
3 746 1338 1228
3 1339 786 1229
3 570 1340 1342
3 1341 787 1343
3 786 1345 1231
3 1344 768 1230
3 769 1346 1340
3 1347 787 1341
3 788 1349 1233
3 1348 782 1232
3 783 1352 1350
3 1353 789 1351
3 754 1354 1236
3 1355 788 1237
3 566 1350 1356
3 1351 789 1357
3 790 1358 1238
3 1359 792 1239
3 552 1360 1362
3 1361 793 1363
3 792 1365 1243
3 1364 744 1242
3 745 1366 1360
3 1367 793 1361
3 688 1368 1246
3 1369 794 1247
3 217 1370 1372
3 1371 795 1373
3 794 1375 1249
3 1374 796 1248
3 797 1376 1370
3 1377 795 1371
3 802 1378 1254
3 1379 804 1255
3 222 1380 1382
3 1381 805 1383
3 804 1385 1259
3 1384 740 1258
3 741 1386 1380
3 1387 805 1381
3 812 1389 1261
3 1388 798 1260
3 4 1251 1391
3 1250 799 1390
3 1 1395 1393
3 1394 0 1392
3 12 1397 1399
3 1396 14 1398
3 15 1401 1403
3 1400 17 1402
3 62 1405 1407
3 1404 64 1406
3 69 1411 1409
3 1410 68 1408
3 79 1415 1413
3 1414 78 1412
3 93 1417 1395
3 1416 0 1394
3 98 1421 1419
3 1420 97 1418
3 100 1423 1425
3 1422 101 1424
3 112 1427 1429
3 1426 111 1428
3 114 1433 1431
3 1432 113 1430
3 116 1435 1433
3 1434 113 1432
3 121 1437 1439
3 1436 131 1438
3 168 1440 1442
3 1441 170 1443
3 172 1446 1444
3 1447 171 1445
3 207 1448 1450
3 1449 66 1451
3 987 1454 1452
3 1455 66 1453
3 995 1458 1456
3 1459 211 1457
3 213 1460 1462
3 1461 211 1463
3 1001 1466 1464
3 1467 63 1465
3 216 1468 1470
3 1469 63 1471
3 298 1473 1445
3 1472 173 1444
3 725 1475 1423
3 1474 101 1422
3 392 1477 1479
3 1476 393 1478
3 114 1479 1481
3 1478 393 1480
3 394 1483 1485
3 1482 395 1484
3 86 1489 1487
3 1488 0 1486
3 2 1393 1489
3 1392 0 1488
3 66 1491 1493
3 1490 396 1492
3 391 1495 1457
3 1494 210 1456
3 211 1497 1453
3 1496 209 1452
3 63 1469 1499
3 1468 216 1498
3 99 1501 1503
3 1500 415 1502
3 428 1505 1435
3 1504 113 1434
3 130 1507 1477
3 1506 393 1476
3 435 1509 1507
3 1508 393 1506
3 436 1511 1513
3 1510 437 1512
3 86 1513 1515
3 1512 437 1514
3 115 1431 1517
3 1430 113 1516
3 389 1517 1519
3 1516 113 1518
3 13 1523 1521
3 1522 441 1520
3 77 1525 1415
3 1524 78 1414
3 133 1527 1525
3 1526 78 1524
3 417 1529 1531
3 1528 447 1530
3 418 1533 1529
3 1532 447 1528
3 77 1537 1535
3 1536 450 1534
3 79 1539 1537
3 1538 450 1536
3 80 1413 1541
3 1412 78 1540
3 122 1535 1543
3 1534 450 1542
3 130 1543 1545
3 1542 450 1544
3 438 1547 1539
3 1546 450 1538
3 435 1545 1547
3 1544 450 1546
3 402 1549 1417
3 1548 0 1416
3 85 1487 1549
3 1486 0 1548
3 2 1515 1551
3 1514 437 1550
3 440 1519 1505
3 1518 113 1504
3 433 1551 1553
3 1550 437 1552
3 116 1481 1555
3 1480 393 1554
3 389 1557 1511
3 1556 437 1510
3 440 1553 1557
3 1552 437 1556
3 439 1555 1509
3 1554 393 1508
3 16 1561 1559
3 1560 458 1558
3 112 1563 1565
3 1562 459 1564
3 454 1567 1569
3 1566 460 1568
3 121 1573 1571
3 1572 447 1570
3 461 1575 1577
3 1574 462 1576
3 120 1531 1573
3 1530 447 1572
3 461 1571 1579
3 1570 447 1578
3 117 1579 1533
3 1578 447 1532
3 117 1581 1583
3 1580 466 1582
3 467 1585 1581
3 1584 466 1580
3 468 1587 1585
3 1586 466 1584
3 470 1589 1591
3 1588 460 1590
3 457 1591 1593
3 1590 460 1592
3 134 1595 1567
3 1594 460 1566
3 469 1593 1595
3 1592 460 1594
3 454 1541 1597
3 1540 78 1596
3 134 1597 1527
3 1596 78 1526
3 452 1569 1589
3 1568 460 1588
3 456 1599 1601
3 1598 473 1600
3 457 1603 1605
3 1602 473 1604
3 95 1607 1603
3 1606 473 1602
3 472 1609 1563
3 1608 459 1562
3 470 1605 1599
3 1604 473 1598
3 96 1611 1607
3 1610 473 1606
3 472 1601 1611
3 1600 473 1610
3 96 1613 1609
3 1612 459 1608
3 471 1615 1613
3 1614 459 1612
3 120 1565 1617
3 1564 459 1616
3 417 1617 1615
3 1616 459 1614
3 486 1619 1621
3 1618 487 1620
3 141 1621 1623
3 1620 487 1622
3 486 1625 1483
3 1624 395 1482
3 394 1629 1627
3 1628 489 1626
3 141 1631 1625
3 1630 395 1624
3 490 1633 1631
3 1632 395 1630
3 93 1485 1635
3 1484 395 1634
3 402 1635 1633
3 1634 395 1632
3 485 1637 1639
3 1636 522 1638
3 522 1636 1640
3 1637 485 1641
3 170 1441 1641
3 1440 168 1640
3 125 1639 1643
3 1638 522 1642
3 169 1442 1642
3 1443 170 1643
3 32 1645 1647
3 1644 214 1646
3 208 1648 1650
3 1649 235 1651
3 543 1652 1654
3 1653 517 1655
3 251 1657 1659
3 1656 544 1658
3 167 1660 1662
3 1661 391 1663
3 1109 1664 1498
3 1665 391 1499
3 215 1464 1666
3 1465 63 1667
3 1113 1668 1406
3 1669 63 1407
3 30 1671 1673
3 1670 212 1672
3 210 1494 1674
3 1495 391 1675
3 1121 1676 1660
3 1677 391 1661
3 1125 1678 1460
3 1679 211 1461
3 209 1496 1680
3 1497 211 1681
3 214 1644 1682
3 1645 32 1683
3 544 1656 1684
3 1657 251 1685
3 1127 1688 1686
3 1689 62 1687
3 64 1404 1690
3 1405 62 1691
3 488 1623 1693
3 1622 487 1692
3 1131 1696 1694
3 1697 394 1695
3 489 1628 1698
3 1629 394 1699
3 516 1701 1703
3 1700 546 1702
3 518 1694 1704
3 1695 394 1705
3 1135 1706 1492
3 1707 394 1493
3 517 1653 1709
3 1652 543 1708
3 212 1670 1710
3 1671 30 1711
3 1141 1712 1448
3 1713 66 1449
3 396 1490 1714
3 1491 66 1715
3 235 1649 1717
3 1648 208 1716
3 546 1700 1718
3 1701 516 1719
3 1145 1720 1626
3 1721 486 1627
3 487 1618 1722
3 1619 486 1723
3 611 1724 1446
3 1725 171 1447
3 171 1725 1727
3 1724 611 1726
3 346 1729 1473
3 1728 173 1472
3 173 1728 1726
3 1729 346 1727
3 735 1731 1687
3 1730 545 1686
3 845 1733 1575
3 1732 462 1574
3 461 1583 1735
3 1582 466 1734
3 841 1737 1587
3 1736 466 1586
3 121 1577 1739
3 1576 462 1738
3 895 1741 1397
3 1740 14 1396
3 889 1743 1437
3 1742 131 1436
3 12 1429 1745
3 1428 111 1744
3 891 1747 1427
3 1746 111 1426
3 112 1439 1749
3 1438 131 1748
3 903 1751 1401
3 1750 17 1400
3 100 1503 1753
3 1502 415 1752
3 905 1755 1501
3 1754 415 1500
3 99 1419 1757
3 1418 97 1756
3 98 1559 1759
3 1558 458 1758
3 923 1761 1561
3 1760 458 1560
3 16 1403 1763
3 1402 17 1762
3 15 1521 1765
3 1520 441 1764
3 13 1399 1767
3 1398 14 1766
3 915 1769 1523
3 1768 441 1522
3 949 1771 1421
3 1770 97 1420
3 62 1409 1773
3 1408 68 1772
3 69 1425 1775
3 1424 101 1774
3 965 1777 1411
3 1776 68 1410
3 1295 1779 1731
3 1778 545 1730
3 839 1781 1737
3 1780 466 1736
3 843 1735 1781
3 1734 466 1780
3 851 1783 1733
3 1782 462 1732
3 875 1785 1787
3 1784 131 1786
3 881 1739 1783
3 1738 462 1782
3 885 1789 1791
3 1788 14 1790
3 877 1787 1743
3 1786 131 1742
3 893 1793 1747
3 1792 111 1746
3 887 1791 1741
3 1790 14 1740
3 867 1745 1793
3 1744 111 1792
3 899 1749 1785
3 1748 131 1784
3 907 1795 1755
3 1794 415 1754
3 909 1753 1795
3 1752 415 1794
3 911 1757 1797
3 1756 97 1796
3 917 1799 1769
3 1798 441 1768
3 919 1759 1801
3 1758 458 1800
3 921 1801 1761
3 1800 458 1760
3 925 1763 1803
3 1762 17 1802
3 929 1765 1799
3 1764 441 1798
3 931 1767 1789
3 1766 14 1788
3 927 1803 1805
3 1802 17 1804
3 941 1805 1751
3 1804 17 1750
3 913 1797 1807
3 1796 97 1806
3 945 1807 1771
3 1806 97 1770
3 957 1809 1811
3 1808 101 1810
3 963 1773 1813
3 1772 68 1812
3 961 1813 1777
3 1812 68 1776
3 959 1811 1475
3 1810 101 1474
3 969 1775 1809
3 1774 101 1808
3 985 1815 1817
3 1814 167 1816
3 989 1450 1454
3 1451 66 1455
3 997 1462 1458
3 1463 211 1459
3 1003 1470 1466
3 1471 63 1467
3 1085 1819 1821
3 1818 487 1820
3 1087 1823 1825
3 1822 207 1824
3 1093 1827 1829
3 1826 518 1828
3 1097 1831 1833
3 1830 213 1832
3 1101 1835 1837
3 1834 215 1836
3 998 1838 1646
3 1839 1100 1647
3 215 1834 1840
3 1835 1101 1841
3 1088 1843 1651
3 1842 988 1650
3 989 1844 1824
3 1845 1089 1825
3 1090 1847 1655
3 1846 1102 1654
3 1103 1848 1828
3 1849 1091 1829
3 1104 1850 1658
3 1851 1106 1659
3 545 1852 1854
3 1853 1107 1855
3 1111 1662 1664
3 1663 391 1665
3 1115 1666 1668
3 1667 63 1669
3 1118 1856 1672
3 1857 984 1673
3 167 1814 1858
3 1815 985 1859
3 993 1674 1676
3 1675 391 1677
3 991 1680 1678
3 1681 211 1679
3 982 1861 1683
3 1860 1110 1682
3 1111 1862 1816
3 1863 983 1817
3 1098 1865 1685
3 1864 1114 1684
3 1115 1866 1836
3 1867 1099 1837
3 1117 1690 1688
3 1691 62 1689
3 1067 1693 1819
3 1692 487 1818
3 1133 1698 1696
3 1699 394 1697
3 1128 1868 1702
3 1869 1092 1703
3 518 1826 1870
3 1827 1093 1871
3 1103 1704 1706
3 1705 394 1707
3 1138 1872 1708
3 1873 1086 1709
3 207 1822 1874
3 1823 1087 1875
3 1094 1877 1711
3 1876 996 1710
3 997 1878 1832
3 1879 1095 1833
3 1137 1714 1712
3 1715 66 1713
3 1122 1880 1716
3 1881 1096 1717
3 213 1830 1882
3 1831 1097 1883
3 1082 1885 1719
3 1884 1142 1718
3 1143 1886 1820
3 1887 1083 1821
3 1143 1722 1720
3 1723 486 1721
3 1107 1853 1889
3 1852 545 1888
3 1217 1889 1779
3 1888 545 1778
3 2036 2002 2000
3 2001 2003 2037
3 2004 2002 2036
3 2037 2003 2005
3 2034 2004 2036
3 2037 2005 2035
3 2006 2004 2034
3 2035 2005 2007
3 2032 2006 2034
3 2035 2007 2033
3 2008 2006 2032
3 2033 2007 2009
3 2030 2008 2032
3 2033 2009 2031
3 2010 2008 2030
3 2031 2009 2011
3 2012 2010 2030
3 2031 2011 2013
3 2018 2024 2020
3 2021 2025 2019
3 2026 2024 2018
3 2019 2025 2027
3 2016 2026 2018
3 2019 2027 2017
3 2028 2026 2016
3 2017 2027 2029
3 2014 2028 2016
3 2017 2029 2015
3 2030 2028 2014
3 2015 2029 2031
3 2012 2030 2014
3 2015 2031 2013
3 2042 1992 1990
3 1991 1993 2043
3 1994 1992 2042
3 2043 1993 1995
3 2040 1994 2042
3 2043 1995 2041
3 1996 1994 2040
3 2041 1995 1997
3 2038 1996 2040
3 2041 1997 2039
3 1998 1996 2038
3 2039 1997 1999
3 2036 1998 2038
3 2039 1999 2037
3 2000 1998 2036
3 2037 1999 2001
3 2048 1982 1980
3 1981 1983 2049
3 1984 1982 2048
3 2049 1983 1985
3 2046 1984 2048
3 2049 1985 2047
3 1986 1984 2046
3 2047 1985 1987
3 2044 1986 2046
3 2047 1987 2045
3 1988 1986 2044
3 2045 1987 1989
3 2042 1988 2044
3 2045 1989 2043
3 1990 1988 2042
3 2043 1989 1991
3 2054 1972 1970
3 1971 1973 2055
3 1974 1972 2054
3 2055 1973 1975
3 2052 1974 2054
3 2055 1975 2053
3 1976 1974 2052
3 2053 1975 1977
3 2050 1976 2052
3 2053 1977 2051
3 1978 1976 2050
3 2051 1977 1979
3 2048 1978 2050
3 2051 1979 2049
3 1980 1978 2048
3 2049 1979 1981
3 1898 1904 2082
3 2083 1905 1899
3 2088 1904 1898
3 1899 1905 2089
3 2086 2088 1898
3 1899 2089 2087
3 1968 2088 2086
3 2087 2089 1969
3 2054 1968 2086
3 2087 1969 2055
3 1970 1968 2054
3 2055 1969 1971
3 1910 1904 2088
3 2089 1905 1911
3 1916 1910 2088
3 2089 1911 1917
3 1922 1916 2088
3 2089 1917 1923
3 1928 1922 2088
3 2089 1923 1929
3 1934 1928 2088
3 2089 1929 1935
3 1940 1934 2088
3 2089 1935 1941
3 1946 1940 2088
3 2089 1941 1947
3 1952 1946 2088
3 2089 1947 1953
3 2064 1952 2088
3 2089 1953 2065
3 2086 1898 2084
3 2085 1899 2087
3 1904 1910 2080
3 2081 1911 1905
3 1910 1916 2078
3 2079 1917 1911
3 1916 1922 2076
3 2077 1923 1917
3 1922 1928 2074
3 2075 1929 1923
3 1928 1934 2072
3 2073 1935 1929
3 1934 1940 2070
3 2071 1941 1935
3 1940 1946 2068
3 2069 1947 1941
3 1946 1952 2066
3 2067 1953 1947
3 2088 1964 2062
3 2063 1965 2089
3 2022 2020 2024
3 2025 2021 2023
3 2360 2362 2366
3 2367 2363 2361
3 2358 2360 2366
3 2367 2361 2359
3 2326 2358 2366
3 2367 2359 2327
3 2196 2326 2366
3 2367 2327 2197
3 2138 2196 2366
3 2367 2197 2139
3 2356 2358 2326
3 2327 2359 2357
3 2354 2356 2326
3 2327 2357 2355
3 2202 2134 2132
3 2133 2135 2203
3 2136 2134 2202
3 2203 2135 2137
3 2324 2136 2202
3 2203 2137 2325
3 2138 2136 2324
3 2325 2137 2139
3 2196 2138 2324
3 2325 2139 2197
3 2214 2126 2124
3 2125 2127 2215
3 2128 2126 2214
3 2215 2127 2129
3 2320 2128 2214
3 2215 2129 2321
3 2130 2128 2320
3 2321 2129 2131
3 2208 2130 2320
3 2321 2131 2209
3 2132 2130 2208
3 2209 2131 2133
3 2322 2132 2208
3 2209 2133 2323
3 2202 2132 2322
3 2323 2133 2203
3 2226 2118 2116
3 2117 2119 2227
3 2120 2118 2226
3 2227 2119 2121
3 2316 2120 2226
3 2227 2121 2317
3 2122 2120 2316
3 2317 2121 2123
3 2220 2122 2316
3 2317 2123 2221
3 2124 2122 2220
3 2221 2123 2125
3 2318 2124 2220
3 2221 2125 2319
3 2214 2124 2318
3 2319 2125 2215
3 2238 2110 2108
3 2109 2111 2239
3 2112 2110 2238
3 2239 2111 2113
3 2312 2112 2238
3 2239 2113 2313
3 2114 2112 2312
3 2313 2113 2115
3 2232 2114 2312
3 2313 2115 2233
3 2116 2114 2232
3 2233 2115 2117
3 2314 2116 2232
3 2233 2117 2315
3 2226 2116 2314
3 2315 2117 2227
3 2108 2310 2238
3 2239 2311 2109
3 2244 2310 2108
3 2109 2311 2245
3 2106 2244 2108
3 2109 2245 2107
3 2308 2244 2106
3 2107 2245 2309
3 2250 2308 2106
3 2107 2309 2251
3 2098 2306 2250
3 2251 2307 2099
3 2340 2098 2250
3 2251 2099 2341
3 2104 2340 2250
3 2251 2341 2105
3 2106 2104 2250
3 2251 2105 2107
3 2096 2304 2256
3 2257 2305 2097
3 2098 2096 2256
3 2257 2097 2099
3 2306 2098 2256
3 2257 2099 2307
3 2092 2302 2262
3 2263 2303 2093
3 2094 2092 2262
3 2263 2093 2095
3 2096 2094 2262
3 2263 2095 2097
3 2304 2096 2262
3 2263 2097 2305
3 2378 2368 2370
3 2371 2369 2379
3 2374 2378 2370
3 2371 2379 2375
3 2372 2374 2370
3 2371 2375 2373
3 2758 2670 2666
3 2667 2671 2759
3 2672 2670 2758
3 2759 2671 2673
3 2734 2672 2758
3 2759 2673 2735
3 2674 2672 2734
3 2735 2673 2675
3 2732 2674 2734
3 2735 2675 2733
3 2676 2674 2732
3 2733 2675 2677
3 2760 2676 2732
3 2733 2677 2761
3 2680 2676 2760
3 2761 2677 2681
3 2682 2680 2760
3 2761 2681 2683
3 2380 2382 2384
3 2385 2383 2381
3 2388 2380 2384
3 2385 2381 2389
3 2386 2388 2384
3 2385 2389 2387
3 2394 2396 2398
3 2399 2397 2395
3 2392 2394 2398
3 2399 2395 2393
3 2390 2392 2398
3 2399 2393 2391
3 2402 2404 2406
3 2407 2405 2403
3 2400 2402 2406
3 2407 2403 2401
3 2408 2410 2412
3 2413 2411 2409
3 2416 2408 2412
3 2413 2409 2417
3 2414 2416 2412
3 2413 2417 2415
3 2424 2426 2428
3 2429 2427 2425
3 2422 2424 2428
3 2429 2425 2423
3 2420 2422 2428
3 2429 2423 2421
3 2434 2436 2438
3 2439 2437 2435
3 2432 2434 2438
3 2439 2435 2433
3 2430 2432 2438
3 2439 2433 2431
3 2442 2444 2446
3 2447 2445 2443
3 2440 2442 2446
3 2447 2443 2441
3 2454 2456 2458
3 2459 2457 2455
3 2450 2454 2458
3 2459 2455 2451
3 2448 2450 2458
3 2459 2451 2449
3 2726 2682 2760
3 2761 2683 2727
3 2684 2682 2726
3 2727 2683 2685
3 2724 2684 2726
3 2727 2685 2725
3 2686 2684 2724
3 2725 2685 2687
3 2762 2686 2724
3 2725 2687 2763
3 2690 2686 2762
3 2763 2687 2691
3 2692 2690 2762
3 2763 2691 2693
3 2460 2462 2464
3 2465 2463 2461
3 2468 2460 2464
3 2465 2461 2469
3 2466 2468 2464
3 2465 2469 2467
3 2478 2480 2470
3 2471 2481 2479
3 2476 2478 2470
3 2471 2479 2477
3 2474 2476 2470
3 2471 2477 2475
3 2472 2474 2470
3 2471 2475 2473
3 2492 2482 2484
3 2485 2483 2493
3 2490 2492 2484
3 2485 2493 2491
3 2488 2490 2484
3 2485 2491 2489
3 2486 2488 2484
3 2485 2489 2487
3 2754 2650 2646
3 2647 2651 2755
3 2652 2650 2754
3 2755 2651 2653
3 2750 2652 2754
3 2755 2653 2751
3 2654 2652 2750
3 2751 2653 2655
3 2748 2654 2750
3 2751 2655 2749
3 2656 2654 2748
3 2749 2655 2657
3 2756 2656 2748
3 2749 2657 2757
3 2660 2656 2756
3 2757 2657 2661
3 2662 2660 2756
3 2757 2661 2663
3 2646 2644 2642
3 2643 2645 2647
3 2636 2646 2642
3 2643 2647 2637
3 2638 2636 2642
3 2643 2637 2639
3 2640 2638 2642
3 2643 2639 2641
3 2498 2500 2502
3 2503 2501 2499
3 2494 2498 2502
3 2503 2499 2495
3 2504 2494 2502
3 2503 2495 2505
3 2516 2506 2508
3 2509 2507 2517
3 2512 2516 2508
3 2509 2517 2513
3 2510 2512 2508
3 2509 2513 2511
3 2742 2662 2756
3 2757 2663 2743
3 2664 2662 2742
3 2743 2663 2665
3 2740 2664 2742
3 2743 2665 2741
3 2666 2664 2740
3 2741 2665 2667
3 2758 2666 2740
3 2741 2667 2759
3 2520 2522 2524
3 2525 2523 2521
3 2518 2520 2524
3 2525 2521 2519
3 2530 2532 2534
3 2535 2533 2531
3 2526 2530 2534
3 2535 2531 2527
3 2536 2526 2534
3 2535 2527 2537
3 2540 2542 2544
3 2545 2543 2541
3 2538 2540 2544
3 2545 2541 2539
3 2548 2550 2552
3 2553 2551 2549
3 2556 2548 2552
3 2553 2549 2557
3 2554 2556 2552
3 2553 2557 2555
3 2564 2566 2568
3 2569 2567 2565
3 2560 2564 2568
3 2569 2565 2561
3 2558 2560 2568
3 2569 2561 2559
3 2718 2692 2762
3 2763 2693 2719
3 2694 2692 2718
3 2719 2693 2695
3 2716 2694 2718
3 2719 2695 2717
3 2696 2694 2716
3 2717 2695 2697
3 2764 2696 2716
3 2717 2697 2765
3 2700 2696 2764
3 2765 2697 2701
3 2702 2700 2764
3 2765 2701 2703
3 2572 2574 2576
3 2577 2575 2573
3 2570 2572 2576
3 2577 2573 2571
3 2588 2578 2580
3 2581 2579 2589
3 2584 2588 2580
3 2581 2589 2585
3 2582 2584 2580
3 2581 2585 2583
3 2590 2592 2594
3 2595 2593 2591
3 2598 2590 2594
3 2595 2591 2599
3 2596 2598 2594
3 2595 2599 2597
3 2710 2702 2764
3 2765 2703 2711
3 2704 2702 2710
3 2711 2703 2705
3 2708 2704 2710
3 2711 2705 2709
3 2706 2704 2708
3 2709 2705 2707
3 2604 2606 2608
3 2609 2607 2605
3 2602 2604 2608
3 2609 2605 2603
3 2620 2610 2612
3 2613 2611 2621
3 2618 2620 2612
3 2613 2621 2619
3 2616 2618 2612
3 2613 2619 2617
3 2614 2616 2612
3 2613 2617 2615
3 2632 2622 2624
3 2625 2623 2633
3 2628 2632 2624
3 2625 2633 2629
3 2626 2628 2624
3 2625 2629 2627
3 2630 2632 2628
3 2629 2633 2631
3 2698 2696 2700
3 2701 2697 2699
3 2600 2590 2598
3 2599 2591 2601
3 2586 2588 2584
3 2585 2589 2587
3 2688 2686 2690
3 2691 2687 2689
3 2562 2564 2560
3 2561 2565 2563
3 2546 2548 2556
3 2557 2549 2547
3 2528 2530 2526
3 2527 2531 2529
3 2658 2656 2660
3 2661 2657 2659
3 2514 2516 2512
3 2513 2517 2515
3 2496 2498 2494
3 2495 2499 2497
3 2754 2646 2636
3 2637 2647 2755
3 2648 2646 2650
3 2651 2647 2649
3 2678 2676 2680
3 2681 2677 2679
3 2452 2454 2450
3 2451 2455 2453
3 2418 2408 2416
3 2417 2409 2419
3 2668 2666 2670
3 2671 2667 2669
3 2376 2378 2374
3 2375 2379 2377

CELL_TYPES 3004
5
5
5
5
5
5
5
5
5
5
5
5
5
5
5
5
5
5
5
5
5
5
5
5
5
5
5
5
5
5
5
5
5
5
5
5
5
5
5
5
5
5
5
5
5
5
5
5
5
5
5
5
5
5
5
5
5
5
5
5
5
5
5
5
5
5
5
5
5
5
5
5
5
5
5
5
5
5
5
5
5
5
5
5
5
5
5
5
5
5
5
5
5
5
5
5
5
5
5
5
5
5
5
5
5
5
5
5
5
5
5
5
5
5
5
5
5
5
5
5
5
5
5
5
5
5
5
5
5
5
5
5
5
5
5
5
5
5
5
5
5
5
5
5
5
5
5
5
5
5
5
5
5
5
5
5
5
5
5
5
5
5
5
5
5
5
5
5
5
5
5
5
5
5
5
5
5
5
5
5
5
5
5
5
5
5
5
5
5
5
5
5
5
5
5
5
5
5
5
5
5
5
5
5
5
5
5
5
5
5
5
5
5
5
5
5
5
5
5
5
5
5
5
5
5
5
5
5
5
5
5
5
5
5
5
5
5
5
5
5
5
5
5
5
5
5
5
5
5
5
5
5
5
5
5
5
5
5
5
5
5
5
5
5
5
5
5
5
5
5
5
5
5
5
5
5
5
5
5
5
5
5
5
5
5
5
5
5
5
5
5
5
5
5
5
5
5
5
5
5
5
5
5
5
5
5
5
5
5
5
5
5
5
5
5
5
5
5
5
5
5
5
5
5
5
5
5
5
5
5
5
5
5
5
5
5
5
5
5
5
5
5
5
5
5
5
5
5
5
5
5
5
5
5
5
5
5
5
5
5
5
5
5
5
5
5
5
5
5
5
5
5
5
5
5
5
5
5
5
5
5
5
5
5
5
5
5
5
5
5
5
5
5
5
5
5
5
5
5
5
5
5
5
5
5
5
5
5
5
5
5
5
5
5
5
5
5
5
5
5
5
5
5
5
5
5
5
5
5
5
5
5
5
5
5
5
5
5
5
5
5
5
5
5
5
5
5
5
5
5
5
5
5
5
5
5
5
5
5
5
5
5
5
5
5
5
5
5
5
5
5
5
5
5
5
5
5
5
5
5
5
5
5
5
5
5
5
5
5
5
5
5
5
5
5
5
5
5
5
5
5
5
5
5
5
5
5
5
5
5
5
5
5
5
5
5
5
5
5
5
5
5
5
5
5
5
5
5
5
5
5
5
5
5
5
5
5
5
5
5
5
5
5
5
5
5
5
5
5
5
5
5
5
5
5
5
5
5
5
5
5
5
5
5
5
5
5
5
5
5
5
5
5
5
5
5
5
5
5
5
5
5
5
5
5
5
5
5
5
5
5
5
5
5
5
5
5
5
5
5
5
5
5
5
5
5
5
5
5
5
5
5
5
5
5
5
5
5
5
5
5
5
5
5
5
5
5
5
5
5
5
5
5
5
5
5
5
5
5
5
5
5
5
5
5
5
5
5
5
5
5
5
5
5
5
5
5
5
5
5
5
5
5
5
5
5
5
5
5
5
5
5
5
5
5
5
5
5
5
5
5
5
5
5
5
5
5
5
5
5
5
5
5
5
5
5
5
5
5
5
5
5
5
5
5
5
5
5
5
5
5
5
5
5
5
5
5
5
5
5
5
5
5
5
5
5
5
5
5
5
5
5
5
5
5
5
5
5
5
5
5
5
5
5
5
5
5
5
5
5
5
5
5
5
5
5
5
5
5
5
5
5
5
5
5
5
5
5
5
5
5
5
5
5
5
5
5
5
5
5
5
5
5
5
5
5
5
5
5
5
5
5
5
5
5
5
5
5
5
5
5
5
5
5
5
5
5
5
5
5
5
5
5
5
5
5
5
5
5
5
5
5
5
5
5
5
5
5
5
5
5
5
5
5
5
5
5
5
5
5
5
5
5
5
5
5
5
5
5
5
5
5
5
5
5
5
5
5
5
5
5
5
5
5
5
5
5
5
5
5
5
5
5
5
5
5
5
5
5
5
5
5
5
5
5
5
5
5
5
5
5
5
5
5
5
5
5
5
5
5
5
5
5
5
5
5
5
5
5
5
5
5
5
5
5
5
5
5
5
5
5
5
5
5
5
5
5
5
5
5
5
5
5
5
5
5
5
5
5
5
5
5
5
5
5
5
5
5
5
5
5
5
5
5
5
5
5
5
5
5
5
5
5
5
5
5
5
5
5
5
5
5
5
5
5
5
5
5
5
5
5
5
5
5
5
5
5
5
5
5
5
5
5
5
5
5
5
5
5
5
5
5
5
5
5
5
5
5
5
5
5
5
5
5
5
5
5
5
5
5
5
5
5
5
5
5
5
5
5
5
5
5
5
5
5
5
5
5
5
5
5
5
5
5
5
5
5
5
5
5
5
5
5
5
5
5
5
5
5
5
5
5
5
5
5
5
5
5
5
5
5
5
5
5
5
5
5
5
5
5
5
5
5
5
5
5
5
5
5
5
5
5
5
5
5
5
5
5
5
5
5
5
5
5
5
5
5
5
5
5
5
5
5
5
5
5
5
5
5
5
5
5
5
5
5
5
5
5
5
5
5
5
5
5
5
5
5
5
5
5
5
5
5
5
5
5
5
5
5
5
5
5
5
5
5
5
5
5
5
5
5
5
5
5
5
5
5
5
5
5
5
5
5
5
5
5
5
5
5
5
5
5
5
5
5
5
5
5
5
5
5
5
5
5
5
5
5
5
5
5
5
5
5
5
5
5
5
5
5
5
5
5
5
5
5
5
5
5
5
5
5
5
5
5
5
5
5
5
5
5
5
5
5
5
5
5
5
5
5
5
5
5
5
5
5
5
5
5
5
5
5
5
5
5
5
5
5
5
5
5
5
5
5
5
5
5
5
5
5
5
5
5
5
5
5
5
5
5
5
5
5
5
5
5
5
5
5
5
5
5
5
5
5
5
5
5
5
5
5
5
5
5
5
5
5
5
5
5
5
5
5
5
5
5
5
5
5
5
5
5
5
5
5
5
5
5
5
5
5
5
5
5
5
5
5
5
5
5
5
5
5
5
5
5
5
5
5
5
5
5
5
5
5
5
5
5
5
5
5
5
5
5
5
5
5
5
5
5
5
5
5
5
5
5
5
5
5
5
5
5
5
5
5
5
5
5
5
5
5
5
5
5
5
5
5
5
5
5
5
5
5
5
5
5
5
5
5
5
5
5
5
5
5
5
5
5
5
5
5
5
5
5
5
5
5
5
5
5
5
5
5
5
5
5
5
5
5
5
5
5
5
5
5
5
5
5
5
5
5
5
5
5
5
5
5
5
5
5
5
5
5
5
5
5
5
5
5
5
5
5
5
5
5
5
5
5
5
5
5
5
5
5
5
5
5
5
5
5
5
5
5
5
5
5
5
5
5
5
5
5
5
5
5
5
5
5
5
5
5
5
5
5
5
5
5
5
5
5
5
5
5
5
5
5
5
5
5
5
5
5
5
5
5
5
5
5
5
5
5
5
5
5
5
5
5
5
5
5
5
5
5
5
5
5
5
5
5
5
5
5
5
5
5
5
5
5
5
5
5
5
5
5
5
5
5
5
5
5
5
5
5
5
5
5
5
5
5
5
5
5
5
5
5
5
5
5
5
5
5
5
5
5
5
5
5
5
5
5
5
5
5
5
5
5
5
5
5
5
5
5
5
5
5
5
5
5
5
5
5
5
5
5
5
5
5
5
5
5
5
5
5
5
5
5
5
5
5
5
5
5
5
5
5
5
5
5
5
5
5
5
5
5
5
5
5
5
5
5
5
5
5
5
5
5
5
5
5
5
5
5
5
5
5
5
5
5
5
5
5
5
5
5
5
5
5
5
5
5
5
5
5
5
5
5
5
5
5
5
5
5
5
5
5
5
5
5
5
5
5
5
5
5
5
5
5
5
5
5
5
5
5
5
5
5
5
5
5
5
5
5
5
5
5
5
5
5
5
5
5
5
5
5
5
5
5
5
5
5
5
5
5
5
5
5
5
5
5
5
5
5
5
5
5
5
5
5
5
5
5
5
5
5
5
5
5
5
5
5
5
5
5
5
5
5
5
5
5
5
5
5
5
5
5
5
5
5
5
5
5
5
5
5
5
5
5
5
5
5
5
5
5
5
5
5
5
5
5
5
5
5
5
5
5
5
5
5
5
5
5
5
5
5
5
5
5
5
5
5
5
5
5
5
5
5
5
5
5
5
5
5
5
5
5
5
5
5
5
5
5
5
5
5
5
5
5
5
5
5
5
5
5
5
5
5
5
5
5
5
5
5
5
5
5
5
5
5
5
5
5
5
5
5
5
5
5
5
5
5
5
5
5
5
5
5
5
5
5
5
5
5
5
5
5
5
5
5
5
5
5
5
5
5
5
5
5
5
5
5
5
5
5
5
5
5
5
5
5
5
5
5
5
5
5
5
5
5
5
5
5
5
5
5
5
5
5
5
5
5
5
5
5
5
5
5
5
5
5
5
5
5
5
5
5
5
5
5
5
5
5
5
5
5
5
5
5
5
5
5
5
5
5
5
5
5
5
5
5
5
5
5
5
5
5
5
5
5
5
5
5
5
5
5
5
5
5
5
5
5
5
5
5
5
5
5
5
5
5
5
5
5
5
5
5
5
5
5
5
5
5
5
5
5
5
5
5
5
5
5
5
5
5
5
5
5
5
5
5
5
5
5
5
5
5
5
5
5
5
5
5
5
5
5
5
5
5
5
5
5
5
5
5
5
5
5
5
5
5
5
5
5
5
5
5
5
5
5
5
5
5
5
5
5
5
5
5
5
5
5
5
5
5
5
5
5
5
5
5
5
5
5
5
5
5
5
5
5
5
5
5
5
5
5
5
5
5
5
5
5
5
5
5
5
5
5
5
5
5
5
5
5
5
5
5
5
5
5
5
5
5
5
5
5
5
5
5
5
5
5
5
5
5
5
5
5
5
5
5
5
5
5
5
5
5
5
5
5
5
5
5
5
5
5
5
5
5
5
5
5
5
5
5
5
5
5
5
5
5
5
5
5
5
5
5
5
5
5
5
5
5
5
5
5
5
5
5
5
5
5
5
5
5
5
5
5
5
5
5
5
5
5
5
5
5
5
5
5
5
5
5
5
5
5
5
5
5
5
5
5
5
5
5
5
5
5
5
5
5
5
5
5
5
5
5
5
5
5
5
5
5
5
5
5
5
5
5
5
5
5
5
5
5
5
5
5
5
5
5
5
5
5
5
5
5
5
5
5
5
5
5
5
5
5
5
5
5
5
5
5
5
5
5
5
5
5
5
5
5
5
5
5
5
5
5
5
5
5
5
5
5
5
5
5
5
5
5
5
5
5
5
5
5
5
5
5
5
5
5
5
5
5
5
5
5
5
5
5
5
5
5
5
5
5
5
5
5
5
5
5
5
5
5
5
5
5
5
5
5
5
5
5
5
5
5
5
5
5
5
5
5
5
5
5
5
5
5
5
5
5
5
5
5
5
5
5
5
5
5
5
5
5
5
5
5
5
5
5
5
5
5
5
5
5
5
5
5
5
5
5
5
5
5
5
5
5
5
5
5
5
5
5
5
5
5
5
5
5
5
5
5
5
5
5
5
5
5
5
5
5
5
5
5
5
5
5
5
5
5
5
5
5
5
5
5
5
5
5
5
5
5
5
5
5
5
5
5
5
5
5
5
5
5
5
5
5
5
5
5
5
5
5
5
5
5
5
5
5
5
5
5
5
5
5
5
5
5
5
5
5
5
5
5
5
5
5
5
5
5
5
5
5
5
5
5
5
5
5
5
5
5
5
5
5
5
5
5
5
5
5
5
5
5
5
5
5
5
5
5
5
5
5
5
5
5
5
5
5
5
5
5
5
5
5
5
5
5
5
5
5
5
5
5
5
5
5
5
5
5
5
5
5
5
5
5
5
5
5
5
5
5
5
5
5
5
5
5
5
5
5
5
5
5
5
5
5
5
5
5
5
5
5
5
5
5
5
5
5
5
5
5
5
5
5
5
5
5
5
5
5
5
5
5
5
5
5
5
5
5
5
5
5
5
5
5
5
5
5
5
5
5
5
5
5
5
5
5
5
5
5
5
5
5
5
5
5
5
5
5
5
5
5
5
5
5
5
5
5
5
5
5
5
5
5
5
5
5
5
5
5
5
5
5
5
5
5
5
5
5
5
5
5
5
5
5
5
5
5
5
5
5
5
5
5
5
5
5
5
5
5
5
5
5
5
5
5
5
5
5
5
5
5
5
5
5
5
5
5
5
5
5
5
5
5
5
5
5
5
5
5
5
5
5
5
5
5
5
5
5
5
5
5
5
5
5
5
5
5
5
5
5
5
5
5
5
5
5
5
5
5
5
5
5
5
5
5
5
5
5
5
5
5
5
5
5
5
5
5
5
5
5
5
5
5
5
5
5
5
5
5
5
5
5
5
5
5
5
5
5
5
5
5
5
5
5
5
5
5
5
5
5
5
5
5
5
5
5
5
5
5
5
5
5
5
5
5
5
5
5
5
5
5
5
5
5
5
5
5
5
5
5
5
5
5
5
5
5
5
5
5
5
5
5
5
5
5
5
5
5
5
5
5
5
5
5
5
5
5
5
5
5
5
5
5
5
5
5
5
5
5
5
5
5
5
5
5
5
5
5
5
5
5
5
5
5
5
5
5
5
5
5
5
5
5
5
5
5
5
5
5
5
5
5
5
5
5
5
5
5
5
5
5
5
5
5
5
5
5
5
5
5
5
5
5
5
5
5
5
5
5
5
5
5
5
5
5
5
5
5
5
5
5
5
5
5
5

CELL_DATA 3004
SCALARS cap unsigned_char
LOOKUP_TABLE default
0
0
0
0
0
0
0
0
0
0
0
0
0
0
0
0
0
0
0
0
0
0
0
0
0
0
0
0
0
0
0
0
0
0
0
0
0
0
0
0
0
0
0
0
0
0
0
0
0
0
0
0
0
0
0
0
0
0
0
0
0
0
0
0
0
0
0
0
0
0
0
0
0
0
0
0
0
0
0
0
0
0
0
0
0
0
0
0
0
0
0
0
0
0
0
0
0
0
0
0
0
0
0
0
0
0
0
0
0
0
0
0
0
0
0
0
0
0
0
0
0
0
0
0
0
0
0
0
0
0
0
0
0
0
0
0
0
0
0
0
0
0
0
0
0
0
0
0
0
0
0
0
0
0
0
0
0
0
0
0
0
0
0
0
0
0
0
0
0
0
0
0
0
0
0
0
0
0
0
0
0
0
0
0
0
0
0
0
0
0
0
0
0
0
0
0
0
0
0
0
0
0
0
0
0
0
0
0
0
0
0
0
0
0
0
0
0
0
0
0
0
0
0
0
0
0
0
0
0
0
0
0
0
0
0
0
0
0
0
0
0
0
0
0
0
0
0
0
0
0
0
0
0
0
0
0
0
0
0
0
0
0
0
0
0
0
0
0
0
0
0
0
0
0
0
0
0
0
0
0
0
0
0
0
0
0
0
0
0
0
0
0
0
0
0
0
0
0
0
0
0
0
0
0
0
0
0
0
0
0
0
0
0
0
0
0
0
0
0
0
0
0
0
0
0
0
0
0
0
0
0
0
0
0
0
0
0
0
0
0
0
0
0
0
0
0
0
0
0
0
0
0
0
0
0
0
0
0
0
0
0
0
0
0
0
0
0
0
0
0
0
0
0
0
0
0
0
0
0
0
0
0
0
0
0
0
0
0
0
0
0
0
0
0
0
0
0
0
0
0
0
0
0
0
0
0
0
0
0
0
0
0
0
0
0
0
0
0
0
0
0
0
0
0
0
0
0
0
0
0
0
0
0
0
0
0
0
0
0
0
0
0
0
0
0
0
0
0
0
0
0
0
0
0
0
0
0
0
0
0
0
0
0
0
0
0
0
0
0
0
0
0
0
0
0
0
0
0
0
0
0
0
0
0
0
0
0
0
0
0
0
0
0
0
0
0
0
0
0
0
0
0
0
0
0
0
0
0
0
0
0
0
0
0
0
0
0
0
0
0
0
0
0
0
0
0
0
0
0
0
0
0
0
0
0
0
0
0
0
0
0
0
0
0
0
0
0
0
0
0
0
0
0
0
0
0
0
0
0
0
0
0
0
0
0
0
0
0
0
0
0
0
0
0
0
0
0
0
0
0
0
0
0
0
0
0
0
0
0
0
0
0
0
0
0
0
0
0
0
0
0
0
0
0
0
0
0
0
0
0
0
0
0
0
0
0
0
0
0
0
0
0
0
0
0
0
0
0
0
0
0
0
0
0
0
0
0
0
0
0
0
0
0
0
0
0
0
0
0
0
0
0
0
0
0
0
0
0
0
0
0
0
0
0
0
0
0
0
0
0
0
0
0
0
0
0
0
0
0
0
0
0
0
0
0
0
0
0
0
0
0
0
0
0
0
0
0
0
0
0
0
0
0
0
0
0
0
0
0
0
0
0
0
0
0
0
0
0
0
0
0
0
0
0
0
0
0
0
0
0
0
0
0
0
0
0
0
0
0
0
0
0
0
0
0
0
0
0
0
0
0
0
0
0
0
0
0
0
0
0
0
0
0
0
0
0
0
0
0
0
0
0
0
0
0
0
0
0
0
0
0
0
0
0
0
0
0
0
0
0
0
0
0
0
0
0
0
0
0
0
0
0
0
0
0
0
0
0
0
0
0
0
0
0
0
0
0
0
0
0
0
0
0
0
0
0
0
0
0
0
0
0
0
0
0
0
0
0
0
0
0
0
0
0
0
0
0
0
0
0
0
0
0
0
0
0
0
0
0
0
0
0
0
0
0
0
0
0
0
0
0
0
0
0
0
0
0
0
0
0
0
0
0
0
0
0
0
0
0
0
0
0
0
0
0
0
0
0
0
0
0
0
0
0
0
0
0
0
0
0
0
0
0
0
0
0
0
0
0
0
0
0
0
0
0
0
0
0
0
0
0
0
0
0
0
0
0
0
0
0
0
0
0
0
0
0
0
0
0
0
0
0
0
0
0
0
0
0
0
0
0
0
0
0
0
0
0
0
0
0
0
0
0
0
0
0
0
0
0
0
0
0
0
0
0
0
0
0
0
0
0
0
0
0
0
0
0
0
0
0
0
0
0
0
0
0
0
0
0
0
0
0
0
0
0
0
0
0
0
0
0
0
0
0
0
0
0
0
0
0
0
0
0
0
0
0
0
0
0
0
0
0
0
0
0
0
0
0
0
0
0
0
0
0
0
0
0
0
0
0
0
0
0
0
0
0
0
0
0
0
0
0
0
0
0
0
0
0
0
0
0
0
0
0
0
0
0
0
0
0
0
0
0
0
0
0
0
0
0
0
0
0
0
0
0
0
0
0
0
0
0
0
0
0
0
0
0
0
0
0
0
0
0
0
0
0
0
0
0
0
0
0
0
0
0
0
0
0
0
0
0
0
0
0
0
0
0
0
0
0
0
0
0
0
0
0
0
0
0
0
0
0
0
0
0
0
0
0
0
0
0
0
0
0
0
0
0
0
0
0
0
0
0
0
0
0
0
0
0
0
0
0
0
0
0
0
0
0
0
0
0
0
0
0
0
0
0
0
0
0
0
0
0
0
0
0
0
0
0
0
0
0
0
0
0
0
0
0
0
0
0
0
0
0
0
0
0
0
0
0
0
0
0
0
0
0
0
0
0
0
0
0
0
0
0
0
0
0
0
0
0
0
0
0
0
0
0
0
0
0
0
0
0
0
0
0
0
0
0
0
0
0
0
0
0
0
0
0
0
0
0
0
0
0
0
0
0
0
0
0
0
0
0
0
0
0
0
0
0
0
0
0
0
0
0
0
0
0
0
0
0
0
0
0
0
0
0
0
0
0
0
0
0
0
0
0
0
0
0
0
0
0
0
0
0
0
0
0
0
0
0
0
0
0
0
0
0
0
0
0
0
0
0
0
0
0
0
0
0
0
0
0
0
0
0
0
0
0
0
0
0
0
0
0
0
0
0
0
0
0
0
0
0
0
0
0
0
0
0
0
0
0
0
0
0
0
0
0
0
0
0
0
0
0
0
0
0
0
0
0
0
0
0
0
0
0
0
0
0
0
0
0
0
0
0
0
0
0
0
0
0
0
0
0
0
0
0
0
0
0
0
0
0
0
0
0
0
0
0
0
0
0
0
0
0
0
0
0
0
0
0
0
0
0
0
0
0
0
0
0
0
0
0
0
0
0
0
0
0
0
0
0
0
0
0
0
0
0
0
0
0
0
0
0
0
0
0
0
0
0
0
0
0
0
0
0
0
0
0
0
0
0
0
0
0
0
0
0
0
0
0
0
0
0
0
0
0
0
0
0
0
0
0
0
0
0
0
0
0
0
0
0
0
0
0
0
0
0
0
0
0
0
0
0
0
0
0
0
0
0
0
0
0
0
0
0
0
0
0
0
0
0
0
0
0
0
0
0
0
0
0
0
0
0
0
0
0
0
0
0
0
0
0
0
0
0
0
0
0
0
0
0
0
0
0
0
0
0
0
0
0
0
0
0
0
0
0
0
0
0
0
0
0
0
0
0
0
0
0
0
0
0
0
0
0
0
0
0
0
0
0
0
0
0
0
0
0
0
0
0
0
0
0
0
0
0
0
0
0
0
0
0
0
0
0
0
0
0
0
0
0
0
0
0
0
0
0
0
0
0
0
0
0
0
0
0
0
0
0
0
0
0
0
0
0
0
0
0
0
0
0
0
0
0
0
0
0
0
0
0
0
0
0
0
0
0
0
0
0
0
0
0
0
0
0
0
0
0
0
0
0
0
0
0
0
0
0
0
0
0
0
0
0
0
0
0
0
0
0
0
0
0
0
0
0
0
0
0
0
0
0
0
0
0
0
0
0
0
0
0
0
0
0
0
0
0
0
0
0
0
0
0
0
0
0
0
0
0
0
0
0
0
0
0
0
0
0
0
0
0
0
0
0
0
0
0
0
0
0
0
0
0
0
0
0
0
0
0
0
0
0
0
0
0
0
0
0
0
0
0
0
0
0
0
0
0
0
0
0
0
0
0
0
0
0
0
0
0
0
0
0
0
0
0
0
0
0
0
0
0
0
0
0
0
0
0
0
0
0
0
0
0
0
0
0
0
0
0
0
0
0
0
0
0
0
0
0
0
0
0
0
0
0
0
0
0
0
0
0
0
0
0
0
0
0
0
0
0
0
0
0
0
0
0
0
0
0
0
0
0
0
0
0
0
0
0
0
0
0
0
0
0
0
0
0
0
0
0
0
0
0
0
0
0
0
0
0
0
0
0
0
0
0
0
0
0
0
0
0
0
0
0
0
0
0
0
0
0
0
0
0
0
0
0
0
0
0
0
0
0
0
0
0
0
0
0
0
0
0
0
0
0
0
0
0
0
0
0
0
0
0
0
0
0
0
0
0
0
0
0
0
0
0
0
0
0
0
0
0
0
0
0
0
0
0
0
0
0
0
0
0
0
0
0
0
0
0
0
0
0
0
0
0
0
0
0
0
0
0
0
0
0
0
0
0
0
0
0
0
0
0
0
0
0
0
0
0
0
0
0
0
0
0
0
0
0
0
0
0
0
0
0
0
0
0
0
0
0
0
0
0
0
0
0
0
0
0
0
0
0
0
0
0
0
0
0
0
0
0
0
0
0
0
0
0
0
0
0
0
0
0
0
0
0
0
0
0
0
0
0
0
0
0
0
0
0
0
0
0
0
0
0
0
0
0
0
0
0
0
0
0
0
0
0
0
0
0
0
0
0
0
0
0
0
0
0
0
0
0
0
0
0
0
0
0
0
0
0
0
0
0
0
0
0
0
0
0
0
0
0
0
0
0
0
0
0
0
0
0
0
0
0
0
0
0
0
0
0
0
0
0
0
0
0
0
0
0
0
0
0
0
0
0
0
0
0
0
0
0
0
0
0
0
0
0
0
0
0
0
0
0
0
0
0
0
0
0
0
0
0
0
0
0
0
0
0
0
0
0
0
0
0
0
0
0
0
0
0
0
0
0
0
0
0
0
0
0
0
0
0
0
0
0
0
0
0
0
0
0
0
0
0
0
0
0
0
0
0
0
0
0
0
0
0
0
0
0
0
0
0
0
0
0
0
0
0
0
0
0
0
0
0
0
0
0
0
0
0
0
0
0
0
0
0
0
0
0
0
0
0
0
0
0
0
0
0
0
0
0
0
0
0
0
0
0
0
0
0
0
0
0
0
0
0
0
0
0
0
0
0
0
0
0
0
0
0
0
0
0
0
0
0
0
0
0
0
0
0
0
0
0
0
0
0
0
0
0
0
0
0
0
0
0
0
0
0
0
0
0
0
0
0
0
0
0
0
0
0
0
0
0
0
0
0
0
0
0
0
0
0
0
0
0
0
0
0
0
0
0
0
0
0
0
0
0
0
0
0
0
0
0
0
0
0
0
0
0
0
0
0
0
0
0
0
0
0
0
0
0
0
0
0
0
0
0
0
0
0
0
0
0
0
0
0
0
0
0
0
1
1
1
1
1
1
1
1
1
1
1
1
1
1
1
1
1
1
1
1
1
1
1
1
1
1
1
1
1
1
1
1
1
1
1
1
1
1
1
1
1
1
1
1
1
1
1
1
1
1
1
1
1
1
1
1
1
1
1
1
1
1
1
1
1
1
1
1
1
1
1
1
1
1
1
1
1
1
1
1
1
1
1
1
1
1
1
1
1
1
1
1
1
1
1
1
1
1
1
1
1
1
1
1
1
1
1
1
1
1
1
1
1
1
1
1
1
1
1
1
1
1
1
1
1
1
1
1
1
1
1
1
1
1
1
1
1
1
1
1
1
1
1
1
1
1
1
1
1
1
1
1
1
1
1
1
1
1
1
1
1
1
1
1
1
1
1
1
1
1
1
1
1
1
1
1
1
1
1
1
1
1
1
1
1
1
1
1
1
1
1
1
1
1
1
1
1
1
1
1
1
1
1
1
1
1
1
1
1
1
1
1
1
1
1
1
1
1
1
1
1
1
1
1
1
1
1
1
1
1
1
1
1
1
1
1
1
1
1
1
1
1
1
1
1
1
1
1
1
1
1
1
1
1
1
1
1
1
1
1
1
1
1
1
1
1
1
1
1
1
1
1
1
1
1
1
1
1
1
1
1
1
1
1
1
1
1
1
1
1
1
1
1
1
1
1
1
1
1
1
1
1
1
1
1
1
1
1
1
1
1
1
1
1
1
1
1
1
1
1
1
1
1
1
1
1
1
1
1
1
1
1
1
1
1
1
1
1
1
1
1
1
1
1
1
1
1
1
1
1
1
1
1
1
1
1
1
1
1
1
1
1
1
1
1
1
1
1
1
1
1
1
1
1
1
1
1
1
1
1
1
1
1
1
1
1
1
1
1
1
1
1
1
1
1
1
1
1
1
1
1
1
1
1
1
1
1
1
1
1
1
1
1
1
1
1
1
1
1
1
1
1
1
1
1
1
1
1
1
1
1
1
1
1
1
1
1
1
1
1
1
1
1
1
1
1
1
1
1
1
1
1
1
1
1
1
1
1
1
1
1
1
1
1
1
1
1
1
1
1
1
1
1
1
1
1
1
1
1
1
1
1
1
1
1
1
1
1
1
1
1
1
1
1
1
1
1
1
1
1
1
1
1
1
1
1

POINT_DATA 2766
SCALARS cap unsigned_char
LOOKUP_TABLE default
0
0
0
0
0
0
0
0
0
0
0
0
0
0
0
0
0
0
0
0
0
0
0
0
0
0
0
0
0
0
0
0
0
0
0
0
0
0
0
0
0
0
0
0
0
0
0
0
0
0
0
0
0
0
0
0
0
0
0
0
0
0
0
0
0
0
0
0
0
0
0
0
0
0
0
0
0
0
0
0
0
0
0
0
0
0
0
0
0
0
0
0
0
0
0
0
0
0
0
0
0
0
0
0
0
0
0
0
0
0
0
0
0
0
0
0
0
0
0
0
0
0
0
0
0
0
0
0
0
0
0
0
0
0
0
0
0
0
0
0
0
0
0
0
0
0
0
0
0
0
0
0
0
0
0
0
0
0
0
0
0
0
0
0
0
0
0
0
0
0
0
0
0
0
0
0
0
0
0
0
0
0
0
0
0
0
0
0
0
0
0
0
0
0
0
0
0
0
0
0
0
0
0
0
0
0
0
0
0
0
0
0
0
0
0
0
0
0
0
0
0
0
0
0
0
0
0
0
0
0
0
0
0
0
0
0
0
0
0
0
0
0
0
0
0
0
0
0
0
0
0
0
0
0
0
0
0
0
0
0
0
0
0
0
0
0
0
0
0
0
0
0
0
0
0
0
0
0
0
0
0
0
0
0
0
0
0
0
0
0
0
0
0
0
0
0
0
0
0
0
0
0
0
0
0
0
0
0
0
0
0
0
0
0
0
0
0
0
0
0
0
0
0
0
0
0
0
0
0
0
0
0
0
0
0
0
0
0
0
0
0
0
0
0
0
0
0
0
0
0
0
0
0
0
0
0
0
0
0
0
0
0
0
0
0
0
0
0
0
0
0
0
0
0
0
0
0
0
0
0
0
0
0
0
0
0
0
0
0
0
0
0
0
0
0
0
0
0
0
0
0
0
0
0
0
0
0
0
0
0
0
0
0
0
0
0
0
0
0
0
0
0
0
0
0
0
0
0
0
0
0
0
0
0
0
0
0
0
0
0
0
0
0
0
0
0
0
0
0
0
0
0
0
0
0
0
0
0
0
0
0
0
0
0
0
0
0
0
0
0
0
0
0
0
0
0
0
0
0
0
0
0
0
0
0
0
0
0
0
0
0
0
0
0
0
0
0
0
0
0
0
0
0
0
0
0
0
0
0
0
0
0
0
0
0
0
0
0
0
0
0
0
0
0
0
0
0
0
0
0
0
0
0
0
0
0
0
0
0
0
0
0
0
0
0
0
0
0
0
0
0
0
0
0
0
0
0
0
0
0
0
0
0
0
0
0
0
0
0
0
0
0
0
0
0
0
0
0
0
0
0
0
0
0
0
0
0
0
0
0
0
0
0
0
0
0
0
0
0
0
0
0
0
0
0
0
0
0
0
0
0
0
0
0
0
0
0
0
0
0
0
0
0
0
0
0
0
0
0
0
0
0
0
0
0
0
0
0
0
0
0
0
0
0
0
0
0
0
0
0
0
0
0
0
0
0
0
0
0
0
0
0
0
0
0
0
0
0
0
0
0
0
0
0
0
0
0
0
0
0
0
0
0
0
0
0
0
0
0
0
0
0
0
0
0
0
0
0
0
0
0
0
0
0
0
0
0
0
0
0
0
0
0
0
0
0
0
0
0
0
0
0
0
0
0
0
0
0
0
0
0
0
0
0
0
0
0
0
0
0
0
0
0
0
0
0
0
0
0
0
0
0
0
0
0
0
0
0
0
0
0
0
0
0
0
0
0
0
0
0
0
0
0
0
0
0
0
0
0
0
0
0
0
0
0
0
0
0
0
0
0
0
0
0
0
0
0
0
0
0
0
0
0
0
0
0
0
0
0
0
0
0
0
0
0
0
0
0
0
0
0
0
0
0
0
0
0
0
0
0
0
0
0
0
0
0
0
0
0
0
0
0
0
0
0
0
0
0
0
0
0
0
0
0
0
0
0
0
0
0
0
0
0
0
0
0
0
0
0
0
0
0
0
0
0
0
0
0
0
0
0
0
0
0
0
0
0
0
0
0
0
0
0
0
0
0
0
0
0
0
0
0
0
0
0
0
0
0
0
0
0
0
0
0
0
0
0
0
0
0
0
0
0
0
0
0
0
0
0
0
0
0
0
0
0
0
0
0
0
0
0
0
0
0
0
0
0
0
0
0
0
0
0
0
0
0
0
0
0
0
0
0
0
0
0
0
0
0
0
0
0
0
0
0
0
0
0
0
0
0
0
0
0
0
0
0
0
0
0
0
0
0
0
0
0
0
0
0
0
0
0
0
0
0
0
0
0
0
0
0
0
0
0
0
0
0
0
0
0
0
0
0
0
0
0
0
0
0
0
0
0
0
0
0
0
0
0
0
0
0
0
0
0
0
0
0
0
0
0
0
0
0
0
0
0
0
0
0
0
0
0
0
0
0
0
0
0
0
0
0
0
0
0
0
0
0
0
0
0
0
0
0
0
0
0
0
0
0
0
0
0
0
0
0
0
0
0
0
0
0
0
0
0
0
0
0
0
0
0
0
0
0
0
0
0
0
0
0
0
0
0
0
0
0
0
0
0
0
0
0
0
0
0
0
0
0
0
0
0
0
0
0
0
0
0
0
0
0
0
0
0
0
0
0
0
0
0
0
0
0
0
0
0
0
0
0
0
0
0
0
0
0
0
0
0
0
0
0
0
0
0
0
0
0
0
0
0
0
0
0
0
0
0
0
0
0
0
0
0
0
0
0
0
0
0
0
0
0
0
0
0
0
0
0
0
0
0
0
0
0
0
0
0
0
0
0
0
0
0
0
0
0
0
0
0
0
0
0
0
0
0
0
0
0
0
0
0
0
0
0
0
0
0
0
0
0
0
0
0
0
0
0
0
0
0
0
0
0
0
0
0
0
0
0
0
0
0
0
0
0
0
0
0
0
0
0
0
0
0
0
0
0
0
0
0
0
0
0
0
0
0
0
0
0
0
0
0
0
0
0
0
0
0
0
0
0
0
0
0
0
0
0
0
0
0
0
0
0
0
0
0
0
0
0
0
0
0
0
0
0
0
0
0
0
0
0
0
0
0
0
0
0
0
0
0
0
0
0
0
0
0
0
0
0
0
0
0
0
0
0
0
0
0
0
0
0
0
0
0
0
0
0
0
0
0
0
0
0
0
0
0
0
0
0
0
0
0
0
0
0
0
0
0
0
0
0
0
0
0
0
0
0
0
0
0
0
0
0
0
0
0
0
0
0
0
0
0
0
0
0
0
0
0
0
0
0
0
0
0
0
0
0
0
0
0
0
0
0
0
0
0
0
0
0
0
0
0
0
0
0
0
0
0
0
0
0
0
0
0
0
0
0
0
0
0
0
0
0
0
0
0
0
0
0
0
0
0
0
0
0
0
0
0
0
0
0
0
0
0
0
0
0
0
0
0
0
0
0
0
0
0
0
0
0
0
0
0
0
0
0
0
0
0
0
0
0
0
0
0
0
0
0
0
0
0
0
0
0
0
0
0
0
0
0
0
0
0
0
0
0
0
0
0
0
0
0
0
0
0
0
0
0
0
0
0
0
0
0
0
0
0
0
0
0
0
0
0
0
0
0
0
0
0
0
0
0
0
0
0
0
0
0
0
0
0
0
0
0
0
0
0
0
0
0
0
0
0
0
0
0
0
0
0
0
0
0
0
0
0
0
0
0
0
0
0
0
0
0
0
0
0
0
0
0
0
0
0
0
0
0
0
0
0
0
0
0
0
0
0
0
0
0
0
0
0
0
0
0
0
0
0
0
0
0
0
0
0
0
0
0
0
0
0
0
0
0
0
0
0
0
0
0
0
0
0
0
0
0
0
0
0
0
0
0
0
0
0
0
0
0
0
0
0
0
0
0
0
0
0
0
0
0
0
0
0
0
0
0
0
0
0
0
0
0
0
0
0
0
0
0
0
0
0
0
0
0
0
0
0
0
0
0
0
0
0
0
0
0
0
0
0
0
0
0
0
0
0
0
0
0
0
0
0
0
0
0
0
0
0
0
0
0
0
0
0
0
0
0
0
0
0
0
0
0
0
0
0
0
0
0
0
0
0
0
0
0
0
0
0
0
0
0
0
0
0
0
0
0
0
0
0
0
0
0
0
0
0
0
0
0
0
0
0
0
0
0
0
0
0
0
0
0
0
0
0
0
0
0
0
0
0
0
0
0
0
0
0
0
0
0
0
0
0
0
0
0
0
0
0
0
0
0
0
0
0
0
0
0
0
0
0
0
0
0
0
0
0
0
0
0
0
0
0
0
0
0
0
0
0
0
1
1
1
1
1
1
1
1
1
1
1
1
1
1
1
1
1
1
1
1
1
1
1
1
1
1
1
1
1
1
1
1
1
1
1
1
1
1
1
1
1
1
1
1
1
1
1
1
1
1
1
1
1
1
1
1
1
1
1
1
1
1
1
1
1
1
1
1
1
1
1
1
1
1
1
1
1
1
1
1
1
1
1
1
1
1
1
1
1
1
1
1
1
1
1
1
1
1
1
1
1
1
1
1
1
1
1
1
1
1
1
1
1
1
1
1
1
1
1
1
1
1
1
1
1
1
1
1
1
1
1
1
1
1
1
1
1
1
1
1
1
1
1
1
1
1
1
1
1
1
1
1
1
1
1
1
1
1
1
1
1
1
1
1
1
1
1
1
1
1
1
1
1
1
1
1
1
1
1
1
1
1
1
1
1
1
1
1
1
1
1
1
1
1
1
1
1
1
1
1
1
1
1
1
1
1
1
1
1
1
1
1
1
1
1
1
1
1
1
1
1
1
1
1
1
1
1
1
1
1
1
1
1
1
1
1
1
1
1
1
1
1
1
1
1
1
1
1
1
1
1
1
1
1
1
1
1
1
1
1
1
1
1
1
1
1
1
1
1
1
1
1
1
1
1
1
1
1
1
1
1
1
1
1
1
1
1
1
1
1
1
1
1
1
1
1
1
1
1
1
1
1
1
1
1
1
1
1
1
1
1
1
1
1
1
1
1
1
1
1
1
1
1
1
1
1
1
1
1
1
1
1
1
1
1
1
1
1
1
1
1
1
1
1
1
1
1
1
1
1
1
1
1
1
1
1
1
1
1
1
1
1
1
1
1
1
1
1
1
1
1
1
1
1
1
1
1
1
1
1
1
1
1
1
1
1
1
1
1
1
1
1
1
1
1
1
1
1
1
1
1
1
1
1
1
1
1
1
1
1
1
1
1
1
1
1
1
1
1
1
1
1
1
1
1
1
1
1
1
1
1
1
1
1
1
1
1
1
1
1
1
1
1
1
1
1
1
1
1
1
1
1
1
1
1
1
1
1
1
1
1
1
1
1
1
1
1
1
1
1
1
1
1
1
1
1
1
1
1
1
1
1
1
1
1
1
1
1
1
1
1
1
1
1
1
1
1
1
1
1
1
1
1
1
1
1
1
1
1
1
1
1
1
1
1
1
1
1
1
1
1
1
1
1
1
1
1
1
1
1
1
1
1
1
1
1
1
1
1
1
1
1
1
1
1
1
1
1
1
1
1
1
1
1
1
1
1
1
1
1
1
1
1
1
1
1
1
1
1
1
1
1
1
1
1
1
1
1
1
1
1
1
1
1
1
1
1
1
1
1
1
1
1
1
1
1
1
1
1
1
1
1
1
1
1
1
1
1
1
1
1
1
1
1
1
1
1
1
1
1
1
1
1
1
1
1
1
1
1
1
1
1
1
1
1
1
1
1
1
1
1
1
1
1
1
1
1
1
1
1
1
1
1
1
1
1
1
1
1
1
1
1
1
1
1
1
1
1
1
1
1
1
1
1
1
1
1
1
1
1
1
1
1
1
1
1
1
1
1
1
1
1
1
1
1
1
1
1
1
1
1
1
1
1
1
1
1
1
1
1
1
1
1
1
1
1
1
1
1
1
1
1
1
1
1
1
1
1
1
1
1
1
1
1
1
1
1
1
1
1
1
1
1
1
1
1
1
1
1
1
1
1
1
1
1
1
1
1
1
1
1
1
1
1
1
1
1
1
1
1
1
1
1
1
1
1
1
1
1
1
1
1
1
1
1
1
1
1
1
1
1
1
1
1
1
1
1
1
1
1
1
1
1
1
1
1
1
1
1
1
1
1
1
1
1
1
1
1
1
1
1
1
1
1
1
1
1
1
1
1
1
1
1
1
1
1
1
1
1
1
1
1
1
1
1
1
1
1
1
1
1
1
1
1
1
1
1
1
1
1
1
1
1
1
1
1
1
1
1
1
1
1
1
1
1
1
