# UNITS: metal COMMENT: Te(x)=K*(1+x/a) at subcell centers, subdiv 4
1 1 1 13055.090631936422
2 1 1 15956.221883477849
3 1 1 18857.353135019275
4 1 1 21758.484386560704
5 1 1 24659.615638102132
6 1 1 27560.74688964356
7 1 1 30461.878141184985
8 1 1 33363.00939272641
9 1 1 36264.140644267842
10 1 1 39165.271895809266
11 1 1 42066.403147350691
12 1 1 44967.534398892123
13 1 1 47868.665650433548
14 1 1 50769.796901974973
15 1 1 53670.928153516405
16 1 1 56572.059405057829
1 2 1 13055.090631936422
2 2 1 15956.221883477849
3 2 1 18857.353135019275
4 2 1 21758.484386560704
5 2 1 24659.615638102132
6 2 1 27560.74688964356
7 2 1 30461.878141184985
8 2 1 33363.00939272641
9 2 1 36264.140644267842
10 2 1 39165.271895809266
11 2 1 42066.403147350691
12 2 1 44967.534398892123
13 2 1 47868.665650433548
14 2 1 50769.796901974973
15 2 1 53670.928153516405
16 2 1 56572.059405057829
1 3 1 13055.090631936422
2 3 1 15956.221883477849
3 3 1 18857.353135019275
4 3 1 21758.484386560704
5 3 1 24659.615638102132
6 3 1 27560.74688964356
7 3 1 30461.878141184985
8 3 1 33363.00939272641
9 3 1 36264.140644267842
10 3 1 39165.271895809266
11 3 1 42066.403147350691
12 3 1 44967.534398892123
13 3 1 47868.665650433548
14 3 1 50769.796901974973
15 3 1 53670.928153516405
16 3 1 56572.059405057829
1 4 1 13055.090631936422
2 4 1 15956.221883477849
3 4 1 18857.353135019275
4 4 1 21758.484386560704
5 4 1 24659.615638102132
6 4 1 27560.74688964356
7 4 1 30461.878141184985
8 4 1 33363.00939272641
9 4 1 36264.140644267842
10 4 1 39165.271895809266
11 4 1 42066.403147350691
12 4 1 44967.534398892123
13 4 1 47868.665650433548
14 4 1 50769.796901974973
15 4 1 53670.928153516405
16 4 1 56572.059405057829
1 5 1 13055.090631936422
2 5 1 15956.221883477849
3 5 1 18857.353135019275
4 5 1 21758.484386560704
5 5 1 24659.615638102132
6 5 1 27560.74688964356
7 5 1 30461.878141184985
8 5 1 33363.00939272641
9 5 1 36264.140644267842
10 5 1 39165.271895809266
11 5 1 42066.403147350691
12 5 1 44967.534398892123
13 5 1 47868.665650433548
14 5 1 50769.796901974973
15 5 1 53670.928153516405
16 5 1 56572.059405057829
1 6 1 13055.090631936422
2 6 1 15956.221883477849
3 6 1 18857.353135019275
4 6 1 21758.484386560704
5 6 1 24659.615638102132
6 6 1 27560.74688964356
7 6 1 30461.878141184985
8 6 1 33363.00939272641
9 6 1 36264.140644267842
10 6 1 39165.271895809266
11 6 1 42066.403147350691
12 6 1 44967.534398892123
13 6 1 47868.665650433548
14 6 1 50769.796901974973
15 6 1 53670.928153516405
16 6 1 56572.059405057829
1 7 1 13055.090631936422
2 7 1 15956.221883477849
3 7 1 18857.353135019275
4 7 1 21758.484386560704
5 7 1 24659.615638102132
6 7 1 27560.74688964356
7 7 1 30461.878141184985
8 7 1 33363.00939272641
9 7 1 36264.140644267842
10 7 1 39165.271895809266
11 7 1 42066.403147350691
12 7 1 44967.534398892123
13 7 1 47868.665650433548
14 7 1 50769.796901974973
15 7 1 53670.928153516405
16 7 1 56572.059405057829
1 8 1 13055.090631936422
2 8 1 15956.221883477849
3 8 1 18857.353135019275
4 8 1 21758.484386560704
5 8 1 24659.615638102132
6 8 1 27560.74688964356
7 8 1 30461.878141184985
8 8 1 33363.00939272641
9 8 1 36264.140644267842
10 8 1 39165.271895809266
11 8 1 42066.403147350691
12 8 1 44967.534398892123
13 8 1 47868.665650433548
14 8 1 50769.796901974973
15 8 1 53670.928153516405
16 8 1 56572.059405057829
1 9 1 13055.090631936422
2 9 1 15956.221883477849
3 9 1 18857.353135019275
4 9 1 21758.484386560704
5 9 1 24659.615638102132
6 9 1 27560.74688964356
7 9 1 30461.878141184985
8 9 1 33363.00939272641
9 9 1 36264.140644267842
10 9 1 39165.271895809266
11 9 1 42066.403147350691
12 9 1 44967.534398892123
13 9 1 47868.665650433548
14 9 1 50769.796901974973
15 9 1 53670.928153516405
16 9 1 56572.059405057829
1 10 1 13055.090631936422
2 10 1 15956.221883477849
3 10 1 18857.353135019275
4 10 1 21758.484386560704
5 10 1 24659.615638102132
6 10 1 27560.74688964356
7 10 1 30461.878141184985
8 10 1 33363.00939272641
9 10 1 36264.140644267842
10 10 1 39165.271895809266
11 10 1 42066.403147350691
12 10 1 44967.534398892123
13 10 1 47868.665650433548
14 10 1 50769.796901974973
15 10 1 53670.928153516405
16 10 1 56572.059405057829
1 11 1 13055.090631936422
2 11 1 15956.221883477849
3 11 1 18857.353135019275
4 11 1 21758.484386560704
5 11 1 24659.615638102132
6 11 1 27560.74688964356
7 11 1 30461.878141184985
8 11 1 33363.00939272641
9 11 1 36264.140644267842
10 11 1 39165.271895809266
11 11 1 42066.403147350691
12 11 1 44967.534398892123
13 11 1 47868.665650433548
14 11 1 50769.796901974973
15 11 1 53670.928153516405
16 11 1 56572.059405057829
1 12 1 13055.090631936422
2 12 1 15956.221883477849
3 12 1 18857.353135019275
4 12 1 21758.484386560704
5 12 1 24659.615638102132
6 12 1 27560.74688964356
7 12 1 30461.878141184985
8 12 1 33363.00939272641
9 12 1 36264.140644267842
10 12 1 39165.271895809266
11 12 1 42066.403147350691
12 12 1 44967.534398892123
13 12 1 47868.665650433548
14 12 1 50769.796901974973
15 12 1 53670.928153516405
16 12 1 56572.059405057829
1 13 1 13055.090631936422
2 13 1 15956.221883477849
3 13 1 18857.353135019275
4 13 1 21758.484386560704
5 13 1 24659.615638102132
6 13 1 27560.74688964356
7 13 1 30461.878141184985
8 13 1 33363.00939272641
9 13 1 36264.140644267842
10 13 1 39165.271895809266
11 13 1 42066.403147350691
12 13 1 44967.534398892123
13 13 1 47868.665650433548
14 13 1 50769.796901974973
15 13 1 53670.928153516405
16 13 1 56572.059405057829
1 14 1 13055.090631936422
2 14 1 15956.221883477849
3 14 1 18857.353135019275
4 14 1 21758.484386560704
5 14 1 24659.615638102132
6 14 1 27560.74688964356
7 14 1 30461.878141184985
8 14 1 33363.00939272641
9 14 1 36264.140644267842
10 14 1 39165.271895809266
11 14 1 42066.403147350691
12 14 1 44967.534398892123
13 14 1 47868.665650433548
14 14 1 50769.796901974973
15 14 1 53670.928153516405
16 14 1 56572.059405057829
1 15 1 13055.090631936422
2 15 1 15956.221883477849
3 15 1 18857.353135019275
4 15 1 21758.484386560704
5 15 1 24659.615638102132
6 15 1 27560.74688964356
7 15 1 30461.878141184985
8 15 1 33363.00939272641
9 15 1 36264.140644267842
10 15 1 39165.271895809266
11 15 1 42066.403147350691
12 15 1 44967.534398892123
13 15 1 47868.665650433548
14 15 1 50769.796901974973
15 15 1 53670.928153516405
16 15 1 56572.059405057829
1 16 1 13055.090631936422
2 16 1 15956.221883477849
3 16 1 18857.353135019275
4 16 1 21758.484386560704
5 16 1 24659.615638102132
6 16 1 27560.74688964356
7 16 1 30461.878141184985
8 16 1 33363.00939272641
9 16 1 36264.140644267842
10 16 1 39165.271895809266
11 16 1 42066.403147350691
12 16 1 44967.534398892123
13 16 1 47868.665650433548
14 16 1 50769.796901974973
15 16 1 53670.928153516405
16 16 1 56572.059405057829
1 1 2 13055.090631936422
2 1 2 15956.221883477849
3 1 2 18857.353135019275
4 1 2 21758.484386560704
5 1 2 24659.615638102132
6 1 2 27560.74688964356
7 1 2 30461.878141184985
8 1 2 33363.00939272641
9 1 2 36264.140644267842
10 1 2 39165.271895809266
11 1 2 42066.403147350691
12 1 2 44967.534398892123
13 1 2 47868.665650433548
14 1 2 50769.796901974973
15 1 2 53670.928153516405
16 1 2 56572.059405057829
1 2 2 13055.090631936422
2 2 2 15956.221883477849
3 2 2 18857.353135019275
4 2 2 21758.484386560704
5 2 2 24659.615638102132
6 2 2 27560.74688964356
7 2 2 30461.878141184985
8 2 2 33363.00939272641
9 2 2 36264.140644267842
10 2 2 39165.271895809266
11 2 2 42066.403147350691
12 2 2 44967.534398892123
13 2 2 47868.665650433548
14 2 2 50769.796901974973
15 2 2 53670.928153516405
16 2 2 56572.059405057829
1 3 2 13055.090631936422
2 3 2 15956.221883477849
3 3 2 18857.353135019275
4 3 2 21758.484386560704
5 3 2 24659.615638102132
6 3 2 27560.74688964356
7 3 2 30461.878141184985
8 3 2 33363.00939272641
9 3 2 36264.140644267842
10 3 2 39165.271895809266
11 3 2 42066.403147350691
12 3 2 44967.534398892123
13 3 2 47868.665650433548
14 3 2 50769.796901974973
15 3 2 53670.928153516405
16 3 2 56572.059405057829
1 4 2 13055.090631936422
2 4 2 15956.221883477849
3 4 2 18857.353135019275
4 4 2 21758.484386560704
5 4 2 24659.615638102132
6 4 2 27560.74688964356
7 4 2 30461.878141184985
8 4 2 33363.00939272641
9 4 2 36264.140644267842
10 4 2 39165.271895809266
11 4 2 42066.403147350691
12 4 2 44967.534398892123
13 4 2 47868.665650433548
14 4 2 50769.796901974973
15 4 2 53670.928153516405
16 4 2 56572.059405057829
1 5 2 13055.090631936422
2 5 2 15956.221883477849
3 5 2 18857.353135019275
4 5 2 21758.484386560704
5 5 2 24659.615638102132
6 5 2 27560.74688964356
7 5 2 30461.878141184985
8 5 2 33363.00939272641
9 5 2 36264.140644267842
10 5 2 39165.271895809266
11 5 2 42066.403147350691
12 5 2 44967.534398892123
13 5 2 47868.665650433548
14 5 2 50769.796901974973
15 5 2 53670.928153516405
16 5 2 56572.059405057829
1 6 2 13055.090631936422
2 6 2 15956.221883477849
3 6 2 18857.353135019275
4 6 2 21758.484386560704
5 6 2 24659.615638102132
6 6 2 27560.74688964356
7 6 2 30461.878141184985
8 6 2 33363.00939272641
9 6 2 36264.140644267842
10 6 2 39165.271895809266
11 6 2 42066.403147350691
12 6 2 44967.534398892123
13 6 2 47868.665650433548
14 6 2 50769.796901974973
15 6 2 53670.928153516405
16 6 2 56572.059405057829
1 7 2 13055.090631936422
2 7 2 15956.221883477849
3 7 2 18857.353135019275
4 7 2 21758.484386560704
5 7 2 24659.615638102132
6 7 2 27560.74688964356
7 7 2 30461.878141184985
8 7 2 33363.00939272641
9 7 2 36264.140644267842
10 7 2 39165.271895809266
11 7 2 42066.403147350691
12 7 2 44967.534398892123
13 7 2 47868.665650433548
14 7 2 50769.796901974973
15 7 2 53670.928153516405
16 7 2 56572.059405057829
1 8 2 13055.090631936422
2 8 2 15956.221883477849
3 8 2 18857.353135019275
4 8 2 21758.484386560704
5 8 2 24659.615638102132
6 8 2 27560.74688964356
7 8 2 30461.878141184985
8 8 2 33363.00939272641
9 8 2 36264.140644267842
10 8 2 39165.271895809266
11 8 2 42066.403147350691
12 8 2 44967.534398892123
13 8 2 47868.665650433548
14 8 2 50769.796901974973
15 8 2 53670.928153516405
16 8 2 56572.059405057829
1 9 2 13055.090631936422
2 9 2 15956.221883477849
3 9 2 18857.353135019275
4 9 2 21758.484386560704
5 9 2 24659.615638102132
6 9 2 27560.74688964356
7 9 2 30461.878141184985
8 9 2 33363.00939272641
9 9 2 36264.140644267842
10 9 2 39165.271895809266
11 9 2 42066.403147350691
12 9 2 44967.534398892123
13 9 2 47868.665650433548
14 9 2 50769.796901974973
15 9 2 53670.928153516405
16 9 2 56572.059405057829
1 10 2 13055.090631936422
2 10 2 15956.221883477849
3 10 2 18857.353135019275
4 10 2 21758.484386560704
5 10 2 24659.615638102132
6 10 2 27560.74688964356
7 10 2 30461.878141184985
8 10 2 33363.00939272641
9 10 2 36264.140644267842
10 10 2 39165.271895809266
11 10 2 42066.403147350691
12 10 2 44967.534398892123
13 10 2 47868.665650433548
14 10 2 50769.796901974973
15 10 2 53670.928153516405
16 10 2 56572.059405057829
1 11 2 13055.090631936422
2 11 2 15956.221883477849
3 11 2 18857.353135019275
4 11 2 21758.484386560704
5 11 2 24659.615638102132
6 11 2 27560.74688964356
7 11 2 30461.878141184985
8 11 2 33363.00939272641
9 11 2 36264.140644267842
10 11 2 39165.271895809266
11 11 2 42066.403147350691
12 11 2 44967.534398892123
13 11 2 47868.665650433548
14 11 2 50769.796901974973
15 11 2 53670.928153516405
16 11 2 56572.059405057829
1 12 2 13055.090631936422
2 12 2 15956.221883477849
3 12 2 18857.353135019275
4 12 2 21758.484386560704
5 12 2 24659.615638102132
6 12 2 27560.74688964356
7 12 2 30461.878141184985
8 12 2 33363.00939272641
9 12 2 36264.140644267842
10 12 2 39165.271895809266
11 12 2 42066.403147350691
12 12 2 44967.534398892123
13 12 2 47868.665650433548
14 12 2 50769.796901974973
15 12 2 53670.928153516405
16 12 2 56572.059405057829
1 13 2 13055.090631936422
2 13 2 15956.221883477849
3 13 2 18857.353135019275
4 13 2 21758.484386560704
5 13 2 24659.615638102132
6 13 2 27560.74688964356
7 13 2 30461.878141184985
8 13 2 33363.00939272641
9 13 2 36264.140644267842
10 13 2 39165.271895809266
11 13 2 42066.403147350691
12 13 2 44967.534398892123
13 13 2 47868.665650433548
14 13 2 50769.796901974973
15 13 2 53670.928153516405
16 13 2 56572.059405057829
1 14 2 13055.090631936422
2 14 2 15956.221883477849
3 14 2 18857.353135019275
4 14 2 21758.484386560704
5 14 2 24659.615638102132
6 14 2 27560.74688964356
7 14 2 30461.878141184985
8 14 2 33363.00939272641
9 14 2 36264.140644267842
10 14 2 39165.271895809266
11 14 2 42066.403147350691
12 14 2 44967.534398892123
13 14 2 47868.665650433548
14 14 2 50769.796901974973
15 14 2 53670.928153516405
16 14 2 56572.059405057829
1 15 2 13055.090631936422
2 15 2 15956.221883477849
3 15 2 18857.353135019275
4 15 2 21758.484386560704
5 15 2 24659.615638102132
6 15 2 27560.74688964356
7 15 2 30461.878141184985
8 15 2 33363.00939272641
9 15 2 36264.140644267842
10 15 2 39165.271895809266
11 15 2 42066.403147350691
12 15 2 44967.534398892123
13 15 2 47868.665650433548
14 15 2 50769.796901974973
15 15 2 53670.928153516405
16 15 2 56572.059405057829
1 16 2 13055.090631936422
2 16 2 15956.221883477849
3 16 2 18857.353135019275
4 16 2 21758.484386560704
5 16 2 24659.615638102132
6 16 2 27560.74688964356
7 16 2 30461.878141184985
8 16 2 33363.00939272641
9 16 2 36264.140644267842
10 16 2 39165.271895809266
11 16 2 42066.403147350691
12 16 2 44967.534398892123
13 16 2 47868.665650433548
14 16 2 50769.796901974973
15 16 2 53670.928153516405
16 16 2 56572.059405057829
1 1 3 13055.090631936422
2 1 3 15956.221883477849
3 1 3 18857.353135019275
4 1 3 21758.484386560704
5 1 3 24659.615638102132
6 1 3 27560.74688964356
7 1 3 30461.878141184985
8 1 3 33363.00939272641
9 1 3 36264.140644267842
10 1 3 39165.271895809266
11 1 3 42066.403147350691
12 1 3 44967.534398892123
13 1 3 47868.665650433548
14 1 3 50769.796901974973
15 1 3 53670.928153516405
16 1 3 56572.059405057829
1 2 3 13055.090631936422
2 2 3 15956.221883477849
3 2 3 18857.353135019275
4 2 3 21758.484386560704
5 2 3 24659.615638102132
6 2 3 27560.74688964356
7 2 3 30461.878141184985
8 2 3 33363.00939272641
9 2 3 36264.140644267842
10 2 3 39165.271895809266
11 2 3 42066.403147350691
12 2 3 44967.534398892123
13 2 3 47868.665650433548
14 2 3 50769.796901974973
15 2 3 53670.928153516405
16 2 3 56572.059405057829
1 3 3 13055.090631936422
2 3 3 15956.221883477849
3 3 3 18857.353135019275
4 3 3 21758.484386560704
5 3 3 24659.615638102132
6 3 3 27560.74688964356
7 3 3 30461.878141184985
8 3 3 33363.00939272641
9 3 3 36264.140644267842
10 3 3 39165.271895809266
11 3 3 42066.403147350691
12 3 3 44967.534398892123
13 3 3 47868.665650433548
14 3 3 50769.796901974973
15 3 3 53670.928153516405
16 3 3 56572.059405057829
1 4 3 13055.090631936422
2 4 3 15956.221883477849
3 4 3 18857.353135019275
4 4 3 21758.484386560704
5 4 3 24659.615638102132
6 4 3 27560.74688964356
7 4 3 30461.878141184985
8 4 3 33363.00939272641
9 4 3 36264.140644267842
10 4 3 39165.271895809266
11 4 3 42066.403147350691
12 4 3 44967.534398892123
13 4 3 47868.665650433548
14 4 3 50769.796901974973
15 4 3 53670.928153516405
16 4 3 56572.059405057829
1 5 3 13055.090631936422
2 5 3 15956.221883477849
3 5 3 18857.353135019275
4 5 3 21758.484386560704
5 5 3 24659.615638102132
6 5 3 27560.74688964356
7 5 3 30461.878141184985
8 5 3 33363.00939272641
9 5 3 36264.140644267842
10 5 3 39165.271895809266
11 5 3 42066.403147350691
12 5 3 44967.534398892123
13 5 3 47868.665650433548
14 5 3 50769.796901974973
15 5 3 53670.928153516405
16 5 3 56572.059405057829
1 6 3 13055.090631936422
2 6 3 15956.221883477849
3 6 3 18857.353135019275
4 6 3 21758.484386560704
5 6 3 24659.615638102132
6 6 3 27560.74688964356
7 6 3 30461.878141184985
8 6 3 33363.00939272641
9 6 3 36264.140644267842
10 6 3 39165.271895809266
11 6 3 42066.403147350691
12 6 3 44967.534398892123
13 6 3 47868.665650433548
14 6 3 50769.796901974973
15 6 3 53670.928153516405
16 6 3 56572.059405057829
1 7 3 13055.090631936422
2 7 3 15956.221883477849
3 7 3 18857.353135019275
4 7 3 21758.484386560704
5 7 3 24659.615638102132
6 7 3 27560.74688964356
7 7 3 30461.878141184985
8 7 3 33363.00939272641
9 7 3 36264.140644267842
10 7 3 39165.271895809266
11 7 3 42066.403147350691
12 7 3 44967.534398892123
13 7 3 47868.665650433548
14 7 3 50769.796901974973
15 7 3 53670.928153516405
16 7 3 56572.059405057829
1 8 3 13055.090631936422
2 8 3 15956.221883477849
3 8 3 18857.353135019275
4 8 3 21758.484386560704
5 8 3 24659.615638102132
6 8 3 27560.74688964356
7 8 3 30461.878141184985
8 8 3 33363.00939272641
9 8 3 36264.140644267842
10 8 3 39165.271895809266
11 8 3 42066.403147350691
12 8 3 44967.534398892123
13 8 3 47868.665650433548
14 8 3 50769.796901974973
15 8 3 53670.928153516405
16 8 3 56572.059405057829
1 9 3 13055.090631936422
2 9 3 15956.221883477849
3 9 3 18857.353135019275
4 9 3 21758.484386560704
5 9 3 24659.615638102132
6 9 3 27560.74688964356
7 9 3 30461.878141184985
8 9 3 33363.00939272641
9 9 3 36264.140644267842
10 9 3 39165.271895809266
11 9 3 42066.403147350691
12 9 3 44967.534398892123
13 9 3 47868.665650433548
14 9 3 50769.796901974973
15 9 3 53670.928153516405
16 9 3 56572.059405057829
1 10 3 13055.090631936422
2 10 3 15956.221883477849
3 10 3 18857.353135019275
4 10 3 21758.484386560704
5 10 3 24659.615638102132
6 10 3 27560.74688964356
7 10 3 30461.878141184985
8 10 3 33363.00939272641
9 10 3 36264.140644267842
10 10 3 39165.271895809266
11 10 3 42066.403147350691
12 10 3 44967.534398892123
13 10 3 47868.665650433548
14 10 3 50769.796901974973
15 10 3 53670.928153516405
16 10 3 56572.059405057829
1 11 3 13055.090631936422
2 11 3 15956.221883477849
3 11 3 18857.353135019275
4 11 3 21758.484386560704
5 11 3 24659.615638102132
6 11 3 27560.74688964356
7 11 3 30461.878141184985
8 11 3 33363.00939272641
9 11 3 36264.140644267842
10 11 3 39165.271895809266
11 11 3 42066.403147350691
12 11 3 44967.534398892123
13 11 3 47868.665650433548
14 11 3 50769.796901974973
15 11 3 53670.928153516405
16 11 3 56572.059405057829
1 12 3 13055.090631936422
2 12 3 15956.221883477849
3 12 3 18857.353135019275
4 12 3 21758.484386560704
5 12 3 24659.615638102132
6 12 3 27560.74688964356
7 12 3 30461.878141184985
8 12 3 33363.00939272641
9 12 3 36264.140644267842
10 12 3 39165.271895809266
11 12 3 42066.403147350691
12 12 3 44967.534398892123
13 12 3 47868.665650433548
14 12 3 50769.796901974973
15 12 3 53670.928153516405
16 12 3 56572.059405057829
1 13 3 13055.090631936422
2 13 3 15956.221883477849
3 13 3 18857.353135019275
4 13 3 21758.484386560704
5 13 3 24659.615638102132
6 13 3 27560.74688964356
7 13 3 30461.878141184985
8 13 3 33363.00939272641
9 13 3 36264.140644267842
10 13 3 39165.271895809266
11 13 3 42066.403147350691
12 13 3 44967.534398892123
13 13 3 47868.665650433548
14 13 3 50769.796901974973
15 13 3 53670.928153516405
16 13 3 56572.059405057829
1 14 3 13055.090631936422
2 14 3 15956.221883477849
3 14 3 18857.353135019275
4 14 3 21758.484386560704
5 14 3 24659.615638102132
6 14 3 27560.74688964356
7 14 3 30461.878141184985
8 14 3 33363.00939272641
9 14 3 36264.140644267842
10 14 3 39165.271895809266
11 14 3 42066.403147350691
12 14 3 44967.534398892123
13 14 3 47868.665650433548
14 14 3 50769.796901974973
15 14 3 53670.928153516405
16 14 3 56572.059405057829
1 15 3 13055.090631936422
2 15 3 15956.221883477849
3 15 3 18857.353135019275
4 15 3 21758.484386560704
5 15 3 24659.615638102132
6 15 3 27560.74688964356
7 15 3 30461.878141184985
8 15 3 33363.00939272641
9 15 3 36264.140644267842
10 15 3 39165.271895809266
11 15 3 42066.403147350691
12 15 3 44967.534398892123
13 15 3 47868.665650433548
14 15 3 50769.796901974973
15 15 3 53670.928153516405
16 15 3 56572.059405057829
1 16 3 13055.090631936422
2 16 3 15956.221883477849
3 16 3 18857.353135019275
4 16 3 21758.484386560704
5 16 3 24659.615638102132
6 16 3 27560.74688964356
7 16 3 30461.878141184985
8 16 3 33363.00939272641
9 16 3 36264.140644267842
10 16 3 39165.271895809266
11 16 3 42066.403147350691
12 16 3 44967.534398892123
13 16 3 47868.665650433548
14 16 3 50769.796901974973
15 16 3 53670.928153516405
16 16 3 56572.059405057829
1 1 4 13055.090631936422
2 1 4 15956.221883477849
3 1 4 18857.353135019275
4 1 4 21758.484386560704
5 1 4 24659.615638102132
6 1 4 27560.74688964356
7 1 4 30461.878141184985
8 1 4 33363.00939272641
9 1 4 36264.140644267842
10 1 4 39165.271895809266
11 1 4 42066.403147350691
12 1 4 44967.534398892123
13 1 4 47868.665650433548
14 1 4 50769.796901974973
15 1 4 53670.928153516405
16 1 4 56572.059405057829
1 2 4 13055.090631936422
2 2 4 15956.221883477849
3 2 4 18857.353135019275
4 2 4 21758.484386560704
5 2 4 24659.615638102132
6 2 4 27560.74688964356
7 2 4 30461.878141184985
8 2 4 33363.00939272641
9 2 4 36264.140644267842
10 2 4 39165.271895809266
11 2 4 42066.403147350691
12 2 4 44967.534398892123
13 2 4 47868.665650433548
14 2 4 50769.796901974973
15 2 4 53670.928153516405
16 2 4 56572.059405057829
1 3 4 13055.090631936422
2 3 4 15956.221883477849
3 3 4 18857.353135019275
4 3 4 21758.484386560704
5 3 4 24659.615638102132
6 3 4 27560.74688964356
7 3 4 30461.878141184985
8 3 4 33363.00939272641
9 3 4 36264.140644267842
10 3 4 39165.271895809266
11 3 4 42066.403147350691
12 3 4 44967.534398892123
13 3 4 47868.665650433548
14 3 4 50769.796901974973
15 3 4 53670.928153516405
16 3 4 56572.059405057829
1 4 4 13055.090631936422
2 4 4 15956.221883477849
3 4 4 18857.353135019275
4 4 4 21758.484386560704
5 4 4 24659.615638102132
6 4 4 27560.74688964356
7 4 4 30461.878141184985
8 4 4 33363.00939272641
9 4 4 36264.140644267842
10 4 4 39165.271895809266
11 4 4 42066.403147350691
12 4 4 44967.534398892123
13 4 4 47868.665650433548
14 4 4 50769.796901974973
15 4 4 53670.928153516405
16 4 4 56572.059405057829
1 5 4 13055.090631936422
2 5 4 15956.221883477849
3 5 4 18857.353135019275
4 5 4 21758.484386560704
5 5 4 24659.615638102132
6 5 4 27560.74688964356
7 5 4 30461.878141184985
8 5 4 33363.00939272641
9 5 4 36264.140644267842
10 5 4 39165.271895809266
11 5 4 42066.403147350691
12 5 4 44967.534398892123
13 5 4 47868.665650433548
14 5 4 50769.796901974973
15 5 4 53670.928153516405
16 5 4 56572.059405057829
1 6 4 13055.090631936422
2 6 4 15956.221883477849
3 6 4 18857.353135019275
4 6 4 21758.484386560704
5 6 4 24659.615638102132
6 6 4 27560.74688964356
7 6 4 30461.878141184985
8 6 4 33363.00939272641
9 6 4 36264.140644267842
10 6 4 39165.271895809266
11 6 4 42066.403147350691
12 6 4 44967.534398892123
13 6 4 47868.665650433548
14 6 4 50769.796901974973
15 6 4 53670.928153516405
16 6 4 56572.059405057829
1 7 4 13055.090631936422
2 7 4 15956.221883477849
3 7 4 18857.353135019275
4 7 4 21758.484386560704
5 7 4 24659.615638102132
6 7 4 27560.74688964356
7 7 4 30461.878141184985
8 7 4 33363.00939272641
9 7 4 36264.140644267842
10 7 4 39165.271895809266
11 7 4 42066.403147350691
12 7 4 44967.534398892123
13 7 4 47868.665650433548
14 7 4 50769.796901974973
15 7 4 53670.928153516405
16 7 4 56572.059405057829
1 8 4 13055.090631936422
2 8 4 15956.221883477849
3 8 4 18857.353135019275
4 8 4 21758.484386560704
5 8 4 24659.615638102132
6 8 4 27560.74688964356
7 8 4 30461.878141184985
8 8 4 33363.00939272641
9 8 4 36264.140644267842
10 8 4 39165.271895809266
11 8 4 42066.403147350691
12 8 4 44967.534398892123
13 8 4 47868.665650433548
14 8 4 50769.796901974973
15 8 4 53670.928153516405
16 8 4 56572.059405057829
1 9 4 13055.090631936422
2 9 4 15956.221883477849
3 9 4 18857.353135019275
4 9 4 21758.484386560704
5 9 4 24659.615638102132
6 9 4 27560.74688964356
7 9 4 30461.878141184985
8 9 4 33363.00939272641
9 9 4 36264.140644267842
10 9 4 39165.271895809266
11 9 4 42066.403147350691
12 9 4 44967.534398892123
13 9 4 47868.665650433548
14 9 4 50769.796901974973
15 9 4 53670.928153516405
16 9 4 56572.059405057829
1 10 4 13055.090631936422
2 10 4 15956.221883477849
3 10 4 18857.353135019275
4 10 4 21758.484386560704
5 10 4 24659.615638102132
6 10 4 27560.74688964356
7 10 4 30461.878141184985
8 10 4 33363.00939272641
9 10 4 36264.140644267842
10 10 4 39165.271895809266
11 10 4 42066.403147350691
12 10 4 44967.534398892123
13 10 4 47868.665650433548
14 10 4 50769.796901974973
15 10 4 53670.928153516405
16 10 4 56572.059405057829
1 11 4 13055.090631936422
2 11 4 15956.221883477849
3 11 4 18857.353135019275
4 11 4 21758.484386560704
5 11 4 24659.615638102132
6 11 4 27560.74688964356
7 11 4 30461.878141184985
8 11 4 33363.00939272641
9 11 4 36264.140644267842
10 11 4 39165.271895809266
11 11 4 42066.403147350691
12 11 4 44967.534398892123
13 11 4 47868.665650433548
14 11 4 50769.796901974973
15 11 4 53670.928153516405
16 11 4 56572.059405057829
1 12 4 13055.090631936422
2 12 4 15956.221883477849
3 12 4 18857.353135019275
4 12 4 21758.484386560704
5 12 4 24659.615638102132
6 12 4 27560.74688964356
7 12 4 30461.878141184985
8 12 4 33363.00939272641
9 12 4 36264.140644267842
10 12 4 39165.271895809266
11 12 4 42066.403147350691
12 12 4 44967.534398892123
13 12 4 47868.665650433548
14 12 4 50769.796901974973
15 12 4 53670.928153516405
16 12 4 56572.059405057829
1 13 4 13055.090631936422
2 13 4 15956.221883477849
3 13 4 18857.353135019275
4 13 4 21758.484386560704
5 13 4 24659.615638102132
6 13 4 27560.74688964356
7 13 4 30461.878141184985
8 13 4 33363.00939272641
9 13 4 36264.140644267842
10 13 4 39165.271895809266
11 13 4 42066.403147350691
12 13 4 44967.534398892123
13 13 4 47868.665650433548
14 13 4 50769.796901974973
15 13 4 53670.928153516405
16 13 4 56572.059405057829
1 14 4 13055.090631936422
2 14 4 15956.221883477849
3 14 4 18857.353135019275
4 14 4 21758.484386560704
5 14 4 24659.615638102132
6 14 4 27560.74688964356
7 14 4 30461.878141184985
8 14 4 33363.00939272641
9 14 4 36264.140644267842
10 14 4 39165.271895809266
11 14 4 42066.403147350691
12 14 4 44967.534398892123
13 14 4 47868.665650433548
14 14 4 50769.796901974973
15 14 4 53670.928153516405
16 14 4 56572.059405057829
1 15 4 13055.090631936422
2 15 4 15956.221883477849
3 15 4 18857.353135019275
4 15 4 21758.484386560704
5 15 4 24659.615638102132
6 15 4 27560.74688964356
7 15 4 30461.878141184985
8 15 4 33363.00939272641
9 15 4 36264.140644267842
10 15 4 39165.271895809266
11 15 4 42066.403147350691
12 15 4 44967.534398892123
13 15 4 47868.665650433548
14 15 4 50769.796901974973
15 15 4 53670.928153516405
16 15 4 56572.059405057829
1 16 4 13055.090631936422
2 16 4 15956.221883477849
3 16 4 18857.353135019275
4 16 4 21758.484386560704
5 16 4 24659.615638102132
6 16 4 27560.74688964356
7 16 4 30461.878141184985
8 16 4 33363.00939272641
9 16 4 36264.140644267842
10 16 4 39165.271895809266
11 16 4 42066.403147350691
12 16 4 44967.534398892123
13 16 4 47868.665650433548
14 16 4 50769.796901974973
15 16 4 53670.928153516405
16 16 4 56572.059405057829
1 1 5 13055.090631936422
2 1 5 15956.221883477849
3 1 5 18857.353135019275
4 1 5 21758.484386560704
5 1 5 24659.615638102132
6 1 5 27560.74688964356
7 1 5 30461.878141184985
8 1 5 33363.00939272641
9 1 5 36264.140644267842
10 1 5 39165.271895809266
11 1 5 42066.403147350691
12 1 5 44967.534398892123
13 1 5 47868.665650433548
14 1 5 50769.796901974973
15 1 5 53670.928153516405
16 1 5 56572.059405057829
1 2 5 13055.090631936422
2 2 5 15956.221883477849
3 2 5 18857.353135019275
4 2 5 21758.484386560704
5 2 5 24659.615638102132
6 2 5 27560.74688964356
7 2 5 30461.878141184985
8 2 5 33363.00939272641
9 2 5 36264.140644267842
10 2 5 39165.271895809266
11 2 5 42066.403147350691
12 2 5 44967.534398892123
13 2 5 47868.665650433548
14 2 5 50769.796901974973
15 2 5 53670.928153516405
16 2 5 56572.059405057829
1 3 5 13055.090631936422
2 3 5 15956.221883477849
3 3 5 18857.353135019275
4 3 5 21758.484386560704
5 3 5 24659.615638102132
6 3 5 27560.74688964356
7 3 5 30461.878141184985
8 3 5 33363.00939272641
9 3 5 36264.140644267842
10 3 5 39165.271895809266
11 3 5 42066.403147350691
12 3 5 44967.534398892123
13 3 5 47868.665650433548
14 3 5 50769.796901974973
15 3 5 53670.928153516405
16 3 5 56572.059405057829
1 4 5 13055.090631936422
2 4 5 15956.221883477849
3 4 5 18857.353135019275
4 4 5 21758.484386560704
5 4 5 24659.615638102132
6 4 5 27560.74688964356
7 4 5 30461.878141184985
8 4 5 33363.00939272641
9 4 5 36264.140644267842
10 4 5 39165.271895809266
11 4 5 42066.403147350691
12 4 5 44967.534398892123
13 4 5 47868.665650433548
14 4 5 50769.796901974973
15 4 5 53670.928153516405
16 4 5 56572.059405057829
1 5 5 13055.090631936422
2 5 5 15956.221883477849
3 5 5 18857.353135019275
4 5 5 21758.484386560704
5 5 5 24659.615638102132
6 5 5 27560.74688964356
7 5 5 30461.878141184985
8 5 5 33363.00939272641
9 5 5 36264.140644267842
10 5 5 39165.271895809266
11 5 5 42066.403147350691
12 5 5 44967.534398892123
13 5 5 47868.665650433548
14 5 5 50769.796901974973
15 5 5 53670.928153516405
16 5 5 56572.059405057829
1 6 5 13055.090631936422
2 6 5 15956.221883477849
3 6 5 18857.353135019275
4 6 5 21758.484386560704
5 6 5 24659.615638102132
6 6 5 27560.74688964356
7 6 5 30461.878141184985
8 6 5 33363.00939272641
9 6 5 36264.140644267842
10 6 5 39165.271895809266
11 6 5 42066.403147350691
12 6 5 44967.534398892123
13 6 5 47868.665650433548
14 6 5 50769.796901974973
15 6 5 53670.928153516405
16 6 5 56572.059405057829
1 7 5 13055.090631936422
2 7 5 15956.221883477849
3 7 5 18857.353135019275
4 7 5 21758.484386560704
5 7 5 24659.615638102132
6 7 5 27560.74688964356
7 7 5 30461.878141184985
8 7 5 33363.00939272641
9 7 5 36264.140644267842
10 7 5 39165.271895809266
11 7 5 42066.403147350691
12 7 5 44967.534398892123
13 7 5 47868.665650433548
14 7 5 50769.796901974973
15 7 5 53670.928153516405
16 7 5 56572.059405057829
1 8 5 13055.090631936422
2 8 5 15956.221883477849
3 8 5 18857.353135019275
4 8 5 21758.484386560704
5 8 5 24659.615638102132
6 8 5 27560.74688964356
7 8 5 30461.878141184985
8 8 5 33363.00939272641
9 8 5 36264.140644267842
10 8 5 39165.271895809266
11 8 5 42066.403147350691
12 8 5 44967.534398892123
13 8 5 47868.665650433548
14 8 5 50769.796901974973
15 8 5 53670.928153516405
16 8 5 56572.059405057829
1 9 5 13055.090631936422
2 9 5 15956.221883477849
3 9 5 18857.353135019275
4 9 5 21758.484386560704
5 9 5 24659.615638102132
6 9 5 27560.74688964356
7 9 5 30461.878141184985
8 9 5 33363.00939272641
9 9 5 36264.140644267842
10 9 5 39165.271895809266
11 9 5 42066.403147350691
12 9 5 44967.534398892123
13 9 5 47868.665650433548
14 9 5 50769.796901974973
15 9 5 53670.928153516405
16 9 5 56572.059405057829
1 10 5 13055.090631936422
2 10 5 15956.221883477849
3 10 5 18857.353135019275
4 10 5 21758.484386560704
5 10 5 24659.615638102132
6 10 5 27560.74688964356
7 10 5 30461.878141184985
8 10 5 33363.00939272641
9 10 5 36264.140644267842
10 10 5 39165.271895809266
11 10 5 42066.403147350691
12 10 5 44967.534398892123
13 10 5 47868.665650433548
14 10 5 50769.796901974973
15 10 5 53670.928153516405
16 10 5 56572.059405057829
1 11 5 13055.090631936422
2 11 5 15956.221883477849
3 11 5 18857.353135019275
4 11 5 21758.484386560704
5 11 5 24659.615638102132
6 11 5 27560.74688964356
7 11 5 30461.878141184985
8 11 5 33363.00939272641
9 11 5 36264.140644267842
10 11 5 39165.271895809266
11 11 5 42066.403147350691
12 11 5 44967.534398892123
13 11 5 47868.665650433548
14 11 5 50769.796901974973
15 11 5 53670.928153516405
16 11 5 56572.059405057829
1 12 5 13055.090631936422
2 12 5 15956.221883477849
3 12 5 18857.353135019275
4 12 5 21758.484386560704
5 12 5 24659.615638102132
6 12 5 27560.74688964356
7 12 5 30461.878141184985
8 12 5 33363.00939272641
9 12 5 36264.140644267842
10 12 5 39165.271895809266
11 12 5 42066.403147350691
12 12 5 44967.534398892123
13 12 5 47868.665650433548
14 12 5 50769.796901974973
15 12 5 53670.928153516405
16 12 5 56572.059405057829
1 13 5 13055.090631936422
2 13 5 15956.221883477849
3 13 5 18857.353135019275
4 13 5 21758.484386560704
5 13 5 24659.615638102132
6 13 5 27560.74688964356
7 13 5 30461.878141184985
8 13 5 33363.00939272641
9 13 5 36264.140644267842
10 13 5 39165.271895809266
11 13 5 42066.403147350691
12 13 5 44967.534398892123
13 13 5 47868.665650433548
14 13 5 50769.796901974973
15 13 5 53670.928153516405
16 13 5 56572.059405057829
1 14 5 13055.090631936422
2 14 5 15956.221883477849
3 14 5 18857.353135019275
4 14 5 21758.484386560704
5 14 5 24659.615638102132
6 14 5 27560.74688964356
7 14 5 30461.878141184985
8 14 5 33363.00939272641
9 14 5 36264.140644267842
10 14 5 39165.271895809266
11 14 5 42066.403147350691
12 14 5 44967.534398892123
13 14 5 47868.665650433548
14 14 5 50769.796901974973
15 14 5 53670.928153516405
16 14 5 56572.059405057829
1 15 5 13055.090631936422
2 15 5 15956.221883477849
3 15 5 18857.353135019275
4 15 5 21758.484386560704
5 15 5 24659.615638102132
6 15 5 27560.74688964356
7 15 5 30461.878141184985
8 15 5 33363.00939272641
9 15 5 36264.140644267842
10 15 5 39165.271895809266
11 15 5 42066.403147350691
12 15 5 44967.534398892123
13 15 5 47868.665650433548
14 15 5 50769.796901974973
15 15 5 53670.928153516405
16 15 5 56572.059405057829
1 16 5 13055.090631936422
2 16 5 15956.221883477849
3 16 5 18857.353135019275
4 16 5 21758.484386560704
5 16 5 24659.615638102132
6 16 5 27560.74688964356
7 16 5 30461.878141184985
8 16 5 33363.00939272641
9 16 5 36264.140644267842
10 16 5 39165.271895809266
11 16 5 42066.403147350691
12 16 5 44967.534398892123
13 16 5 47868.665650433548
14 16 5 50769.796901974973
15 16 5 53670.928153516405
16 16 5 56572.059405057829
1 1 6 13055.090631936422
2 1 6 15956.221883477849
3 1 6 18857.353135019275
4 1 6 21758.484386560704
5 1 6 24659.615638102132
6 1 6 27560.74688964356
7 1 6 30461.878141184985
8 1 6 33363.00939272641
9 1 6 36264.140644267842
10 1 6 39165.271895809266
11 1 6 42066.403147350691
12 1 6 44967.534398892123
13 1 6 47868.665650433548
14 1 6 50769.796901974973
15 1 6 53670.928153516405
16 1 6 56572.059405057829
1 2 6 13055.090631936422
2 2 6 15956.221883477849
3 2 6 18857.353135019275
4 2 6 21758.484386560704
5 2 6 24659.615638102132
6 2 6 27560.74688964356
7 2 6 30461.878141184985
8 2 6 33363.00939272641
9 2 6 36264.140644267842
10 2 6 39165.271895809266
11 2 6 42066.403147350691
12 2 6 44967.534398892123
13 2 6 47868.665650433548
14 2 6 50769.796901974973
15 2 6 53670.928153516405
16 2 6 56572.059405057829
1 3 6 13055.090631936422
2 3 6 15956.221883477849
3 3 6 18857.353135019275
4 3 6 21758.484386560704
5 3 6 24659.615638102132
6 3 6 27560.74688964356
7 3 6 30461.878141184985
8 3 6 33363.00939272641
9 3 6 36264.140644267842
10 3 6 39165.271895809266
11 3 6 42066.403147350691
12 3 6 44967.534398892123
13 3 6 47868.665650433548
14 3 6 50769.796901974973
15 3 6 53670.928153516405
16 3 6 56572.059405057829
1 4 6 13055.090631936422
2 4 6 15956.221883477849
3 4 6 18857.353135019275
4 4 6 21758.484386560704
5 4 6 24659.615638102132
6 4 6 27560.74688964356
7 4 6 30461.878141184985
8 4 6 33363.00939272641
9 4 6 36264.140644267842
10 4 6 39165.271895809266
11 4 6 42066.403147350691
12 4 6 44967.534398892123
13 4 6 47868.665650433548
14 4 6 50769.796901974973
15 4 6 53670.928153516405
16 4 6 56572.059405057829
1 5 6 13055.090631936422
2 5 6 15956.221883477849
3 5 6 18857.353135019275
4 5 6 21758.484386560704
5 5 6 24659.615638102132
6 5 6 27560.74688964356
7 5 6 30461.878141184985
8 5 6 33363.00939272641
9 5 6 36264.140644267842
10 5 6 39165.271895809266
11 5 6 42066.403147350691
12 5 6 44967.534398892123
13 5 6 47868.665650433548
14 5 6 50769.796901974973
15 5 6 53670.928153516405
16 5 6 56572.059405057829
1 6 6 13055.090631936422
2 6 6 15956.221883477849
3 6 6 18857.353135019275
4 6 6 21758.484386560704
5 6 6 24659.615638102132
6 6 6 27560.74688964356
7 6 6 30461.878141184985
8 6 6 33363.00939272641
9 6 6 36264.140644267842
10 6 6 39165.271895809266
11 6 6 42066.403147350691
12 6 6 44967.534398892123
13 6 6 47868.665650433548
14 6 6 50769.796901974973
15 6 6 53670.928153516405
16 6 6 56572.059405057829
1 7 6 13055.090631936422
2 7 6 15956.221883477849
3 7 6 18857.353135019275
4 7 6 21758.484386560704
5 7 6 24659.615638102132
6 7 6 27560.74688964356
7 7 6 30461.878141184985
8 7 6 33363.00939272641
9 7 6 36264.140644267842
10 7 6 39165.271895809266
11 7 6 42066.403147350691
12 7 6 44967.534398892123
13 7 6 47868.665650433548
14 7 6 50769.796901974973
15 7 6 53670.928153516405
16 7 6 56572.059405057829
1 8 6 13055.090631936422
2 8 6 15956.221883477849
3 8 6 18857.353135019275
4 8 6 21758.484386560704
5 8 6 24659.615638102132
6 8 6 27560.74688964356
7 8 6 30461.878141184985
8 8 6 33363.00939272641
9 8 6 36264.140644267842
10 8 6 39165.271895809266
11 8 6 42066.403147350691
12 8 6 44967.534398892123
13 8 6 47868.665650433548
14 8 6 50769.796901974973
15 8 6 53670.928153516405
16 8 6 56572.059405057829
1 9 6 13055.090631936422
2 9 6 15956.221883477849
3 9 6 18857.353135019275
4 9 6 21758.484386560704
5 9 6 24659.615638102132
6 9 6 27560.74688964356
7 9 6 30461.878141184985
8 9 6 33363.00939272641
9 9 6 36264.140644267842
10 9 6 39165.271895809266
11 9 6 42066.403147350691
12 9 6 44967.534398892123
13 9 6 47868.665650433548
14 9 6 50769.796901974973
15 9 6 53670.928153516405
16 9 6 56572.059405057829
1 10 6 13055.090631936422
2 10 6 15956.221883477849
3 10 6 18857.353135019275
4 10 6 21758.484386560704
5 10 6 24659.615638102132
6 10 6 27560.74688964356
7 10 6 30461.878141184985
8 10 6 33363.00939272641
9 10 6 36264.140644267842
10 10 6 39165.271895809266
11 10 6 42066.403147350691
12 10 6 44967.534398892123
13 10 6 47868.665650433548
14 10 6 50769.796901974973
15 10 6 53670.928153516405
16 10 6 56572.059405057829
1 11 6 13055.090631936422
2 11 6 15956.221883477849
3 11 6 18857.353135019275
4 11 6 21758.484386560704
5 11 6 24659.615638102132
6 11 6 27560.74688964356
7 11 6 30461.878141184985
8 11 6 33363.00939272641
9 11 6 36264.140644267842
10 11 6 39165.271895809266
11 11 6 42066.403147350691
12 11 6 44967.534398892123
13 11 6 47868.665650433548
14 11 6 50769.796901974973
15 11 6 53670.928153516405
16 11 6 56572.059405057829
1 12 6 13055.090631936422
2 12 6 15956.221883477849
3 12 6 18857.353135019275
4 12 6 21758.484386560704
5 12 6 24659.615638102132
6 12 6 27560.74688964356
7 12 6 30461.878141184985
8 12 6 33363.00939272641
9 12 6 36264.140644267842
10 12 6 39165.271895809266
11 12 6 42066.403147350691
12 12 6 44967.534398892123
13 12 6 47868.665650433548
14 12 6 50769.796901974973
15 12 6 53670.928153516405
16 12 6 56572.059405057829
1 13 6 13055.090631936422
2 13 6 15956.221883477849
3 13 6 18857.353135019275
4 13 6 21758.484386560704
5 13 6 24659.615638102132
6 13 6 27560.74688964356
7 13 6 30461.878141184985
8 13 6 33363.00939272641
9 13 6 36264.140644267842
10 13 6 39165.271895809266
11 13 6 42066.403147350691
12 13 6 44967.534398892123
13 13 6 47868.665650433548
14 13 6 50769.796901974973
15 13 6 53670.928153516405
16 13 6 56572.059405057829
1 14 6 13055.090631936422
2 14 6 15956.221883477849
3 14 6 18857.353135019275
4 14 6 21758.484386560704
5 14 6 24659.615638102132
6 14 6 27560.74688964356
7 14 6 30461.878141184985
8 14 6 33363.00939272641
9 14 6 36264.140644267842
10 14 6 39165.271895809266
11 14 6 42066.403147350691
12 14 6 44967.534398892123
13 14 6 47868.665650433548
14 14 6 50769.796901974973
15 14 6 53670.928153516405
16 14 6 56572.059405057829
1 15 6 13055.090631936422
2 15 6 15956.221883477849
3 15 6 18857.353135019275
4 15 6 21758.484386560704
5 15 6 24659.615638102132
6 15 6 27560.74688964356
7 15 6 30461.878141184985
8 15 6 33363.00939272641
9 15 6 36264.140644267842
10 15 6 39165.271895809266
11 15 6 42066.403147350691
12 15 6 44967.534398892123
13 15 6 47868.665650433548
14 15 6 50769.796901974973
15 15 6 53670.928153516405
16 15 6 56572.059405057829
1 16 6 13055.090631936422
2 16 6 15956.221883477849
3 16 6 18857.353135019275
4 16 6 21758.484386560704
5 16 6 24659.615638102132
6 16 6 27560.74688964356
7 16 6 30461.878141184985
8 16 6 33363.00939272641
9 16 6 36264.140644267842
10 16 6 39165.271895809266
11 16 6 42066.403147350691
12 16 6 44967.534398892123
13 16 6 47868.665650433548
14 16 6 50769.796901974973
15 16 6 53670.928153516405
16 16 6 56572.059405057829
1 1 7 13055.090631936422
2 1 7 15956.221883477849
3 1 7 18857.353135019275
4 1 7 21758.484386560704
5 1 7 24659.615638102132
6 1 7 27560.74688964356
7 1 7 30461.878141184985
8 1 7 33363.00939272641
9 1 7 36264.140644267842
10 1 7 39165.271895809266
11 1 7 42066.403147350691
12 1 7 44967.534398892123
13 1 7 47868.665650433548
14 1 7 50769.796901974973
15 1 7 53670.928153516405
16 1 7 56572.059405057829
1 2 7 13055.090631936422
2 2 7 15956.221883477849
3 2 7 18857.353135019275
4 2 7 21758.484386560704
5 2 7 24659.615638102132
6 2 7 27560.74688964356
7 2 7 30461.878141184985
8 2 7 33363.00939272641
9 2 7 36264.140644267842
10 2 7 39165.271895809266
11 2 7 42066.403147350691
12 2 7 44967.534398892123
13 2 7 47868.665650433548
14 2 7 50769.796901974973
15 2 7 53670.928153516405
16 2 7 56572.059405057829
1 3 7 13055.090631936422
2 3 7 15956.221883477849
3 3 7 18857.353135019275
4 3 7 21758.484386560704
5 3 7 24659.615638102132
6 3 7 27560.74688964356
7 3 7 30461.878141184985
8 3 7 33363.00939272641
9 3 7 36264.140644267842
10 3 7 39165.271895809266
11 3 7 42066.403147350691
12 3 7 44967.534398892123
13 3 7 47868.665650433548
14 3 7 50769.796901974973
15 3 7 53670.928153516405
16 3 7 56572.059405057829
1 4 7 13055.090631936422
2 4 7 15956.221883477849
3 4 7 18857.353135019275
4 4 7 21758.484386560704
5 4 7 24659.615638102132
6 4 7 27560.74688964356
7 4 7 30461.878141184985
8 4 7 33363.00939272641
9 4 7 36264.140644267842
10 4 7 39165.271895809266
11 4 7 42066.403147350691
12 4 7 44967.534398892123
13 4 7 47868.665650433548
14 4 7 50769.796901974973
15 4 7 53670.928153516405
16 4 7 56572.059405057829
1 5 7 13055.090631936422
2 5 7 15956.221883477849
3 5 7 18857.353135019275
4 5 7 21758.484386560704
5 5 7 24659.615638102132
6 5 7 27560.74688964356
7 5 7 30461.878141184985
8 5 7 33363.00939272641
9 5 7 36264.140644267842
10 5 7 39165.271895809266
11 5 7 42066.403147350691
12 5 7 44967.534398892123
13 5 7 47868.665650433548
14 5 7 50769.796901974973
15 5 7 53670.928153516405
16 5 7 56572.059405057829
1 6 7 13055.090631936422
2 6 7 15956.221883477849
3 6 7 18857.353135019275
4 6 7 21758.484386560704
5 6 7 24659.615638102132
6 6 7 27560.74688964356
7 6 7 30461.878141184985
8 6 7 33363.00939272641
9 6 7 36264.140644267842
10 6 7 39165.271895809266
11 6 7 42066.403147350691
12 6 7 44967.534398892123
13 6 7 47868.665650433548
14 6 7 50769.796901974973
15 6 7 53670.928153516405
16 6 7 56572.059405057829
1 7 7 13055.090631936422
2 7 7 15956.221883477849
3 7 7 18857.353135019275
4 7 7 21758.484386560704
5 7 7 24659.615638102132
6 7 7 27560.74688964356
7 7 7 30461.878141184985
8 7 7 33363.00939272641
9 7 7 36264.140644267842
10 7 7 39165.271895809266
11 7 7 42066.403147350691
12 7 7 44967.534398892123
13 7 7 47868.665650433548
14 7 7 50769.796901974973
15 7 7 53670.928153516405
16 7 7 56572.059405057829
1 8 7 13055.090631936422
2 8 7 15956.221883477849
3 8 7 18857.353135019275
4 8 7 21758.484386560704
5 8 7 24659.615638102132
6 8 7 27560.74688964356
7 8 7 30461.878141184985
8 8 7 33363.00939272641
9 8 7 36264.140644267842
10 8 7 39165.271895809266
11 8 7 42066.403147350691
12 8 7 44967.534398892123
13 8 7 47868.665650433548
14 8 7 50769.796901974973
15 8 7 53670.928153516405
16 8 7 56572.059405057829
1 9 7 13055.090631936422
2 9 7 15956.221883477849
3 9 7 18857.353135019275
4 9 7 21758.484386560704
5 9 7 24659.615638102132
6 9 7 27560.74688964356
7 9 7 30461.878141184985
8 9 7 33363.00939272641
9 9 7 36264.140644267842
10 9 7 39165.271895809266
11 9 7 42066.403147350691
12 9 7 44967.534398892123
13 9 7 47868.665650433548
14 9 7 50769.796901974973
15 9 7 53670.928153516405
16 9 7 56572.059405057829
1 10 7 13055.090631936422
2 10 7 15956.221883477849
3 10 7 18857.353135019275
4 10 7 21758.484386560704
5 10 7 24659.615638102132
6 10 7 27560.74688964356
7 10 7 30461.878141184985
8 10 7 33363.00939272641
9 10 7 36264.140644267842
10 10 7 39165.271895809266
11 10 7 42066.403147350691
12 10 7 44967.534398892123
13 10 7 47868.665650433548
14 10 7 50769.796901974973
15 10 7 53670.928153516405
16 10 7 56572.059405057829
1 11 7 13055.090631936422
2 11 7 15956.221883477849
3 11 7 18857.353135019275
4 11 7 21758.484386560704
5 11 7 24659.615638102132
6 11 7 27560.74688964356
7 11 7 30461.878141184985
8 11 7 33363.00939272641
9 11 7 36264.140644267842
10 11 7 39165.271895809266
11 11 7 42066.403147350691
12 11 7 44967.534398892123
13 11 7 47868.665650433548
14 11 7 50769.796901974973
15 11 7 53670.928153516405
16 11 7 56572.059405057829
1 12 7 13055.090631936422
2 12 7 15956.221883477849
3 12 7 18857.353135019275
4 12 7 21758.484386560704
5 12 7 24659.615638102132
6 12 7 27560.74688964356
7 12 7 30461.878141184985
8 12 7 33363.00939272641
9 12 7 36264.140644267842
10 12 7 39165.271895809266
11 12 7 42066.403147350691
12 12 7 44967.534398892123
13 12 7 47868.665650433548
14 12 7 50769.796901974973
15 12 7 53670.928153516405
16 12 7 56572.059405057829
1 13 7 13055.090631936422
2 13 7 15956.221883477849
3 13 7 18857.353135019275
4 13 7 21758.484386560704
5 13 7 24659.615638102132
6 13 7 27560.74688964356
7 13 7 30461.878141184985
8 13 7 33363.00939272641
9 13 7 36264.140644267842
10 13 7 39165.271895809266
11 13 7 42066.403147350691
12 13 7 44967.534398892123
13 13 7 47868.665650433548
14 13 7 50769.796901974973
15 13 7 53670.928153516405
16 13 7 56572.059405057829
1 14 7 13055.090631936422
2 14 7 15956.221883477849
3 14 7 18857.353135019275
4 14 7 21758.484386560704
5 14 7 24659.615638102132
6 14 7 27560.74688964356
7 14 7 30461.878141184985
8 14 7 33363.00939272641
9 14 7 36264.140644267842
10 14 7 39165.271895809266
11 14 7 42066.403147350691
12 14 7 44967.534398892123
13 14 7 47868.665650433548
14 14 7 50769.796901974973
15 14 7 53670.928153516405
16 14 7 56572.059405057829
1 15 7 13055.090631936422
2 15 7 15956.221883477849
3 15 7 18857.353135019275
4 15 7 21758.484386560704
5 15 7 24659.615638102132
6 15 7 27560.74688964356
7 15 7 30461.878141184985
8 15 7 33363.00939272641
9 15 7 36264.140644267842
10 15 7 39165.271895809266
11 15 7 42066.403147350691
12 15 7 44967.534398892123
13 15 7 47868.665650433548
14 15 7 50769.796901974973
15 15 7 53670.928153516405
16 15 7 56572.059405057829
1 16 7 13055.090631936422
2 16 7 15956.221883477849
3 16 7 18857.353135019275
4 16 7 21758.484386560704
5 16 7 24659.615638102132
6 16 7 27560.74688964356
7 16 7 30461.878141184985
8 16 7 33363.00939272641
9 16 7 36264.140644267842
10 16 7 39165.271895809266
11 16 7 42066.403147350691
12 16 7 44967.534398892123
13 16 7 47868.665650433548
14 16 7 50769.796901974973
15 16 7 53670.928153516405
16 16 7 56572.059405057829
1 1 8 13055.090631936422
2 1 8 15956.221883477849
3 1 8 18857.353135019275
4 1 8 21758.484386560704
5 1 8 24659.615638102132
6 1 8 27560.74688964356
7 1 8 30461.878141184985
8 1 8 33363.00939272641
9 1 8 36264.140644267842
10 1 8 39165.271895809266
11 1 8 42066.403147350691
12 1 8 44967.534398892123
13 1 8 47868.665650433548
14 1 8 50769.796901974973
15 1 8 53670.928153516405
16 1 8 56572.059405057829
1 2 8 13055.090631936422
2 2 8 15956.221883477849
3 2 8 18857.353135019275
4 2 8 21758.484386560704
5 2 8 24659.615638102132
6 2 8 27560.74688964356
7 2 8 30461.878141184985
8 2 8 33363.00939272641
9 2 8 36264.140644267842
10 2 8 39165.271895809266
11 2 8 42066.403147350691
12 2 8 44967.534398892123
13 2 8 47868.665650433548
14 2 8 50769.796901974973
15 2 8 53670.928153516405
16 2 8 56572.059405057829
1 3 8 13055.090631936422
2 3 8 15956.221883477849
3 3 8 18857.353135019275
4 3 8 21758.484386560704
5 3 8 24659.615638102132
6 3 8 27560.74688964356
7 3 8 30461.878141184985
8 3 8 33363.00939272641
9 3 8 36264.140644267842
10 3 8 39165.271895809266
11 3 8 42066.403147350691
12 3 8 44967.534398892123
13 3 8 47868.665650433548
14 3 8 50769.796901974973
15 3 8 53670.928153516405
16 3 8 56572.059405057829
1 4 8 13055.090631936422
2 4 8 15956.221883477849
3 4 8 18857.353135019275
4 4 8 21758.484386560704
5 4 8 24659.615638102132
6 4 8 27560.74688964356
7 4 8 30461.878141184985
8 4 8 33363.00939272641
9 4 8 36264.140644267842
10 4 8 39165.271895809266
11 4 8 42066.403147350691
12 4 8 44967.534398892123
13 4 8 47868.665650433548
14 4 8 50769.796901974973
15 4 8 53670.928153516405
16 4 8 56572.059405057829
1 5 8 13055.090631936422
2 5 8 15956.221883477849
3 5 8 18857.353135019275
4 5 8 21758.484386560704
5 5 8 24659.615638102132
6 5 8 27560.74688964356
7 5 8 30461.878141184985
8 5 8 33363.00939272641
9 5 8 36264.140644267842
10 5 8 39165.271895809266
11 5 8 42066.403147350691
12 5 8 44967.534398892123
13 5 8 47868.665650433548
14 5 8 50769.796901974973
15 5 8 53670.928153516405
16 5 8 56572.059405057829
1 6 8 13055.090631936422
2 6 8 15956.221883477849
3 6 8 18857.353135019275
4 6 8 21758.484386560704
5 6 8 24659.615638102132
6 6 8 27560.74688964356
7 6 8 30461.878141184985
8 6 8 33363.00939272641
9 6 8 36264.140644267842
10 6 8 39165.271895809266
11 6 8 42066.403147350691
12 6 8 44967.534398892123
13 6 8 47868.665650433548
14 6 8 50769.796901974973
15 6 8 53670.928153516405
16 6 8 56572.059405057829
1 7 8 13055.090631936422
2 7 8 15956.221883477849
3 7 8 18857.353135019275
4 7 8 21758.484386560704
5 7 8 24659.615638102132
6 7 8 27560.74688964356
7 7 8 30461.878141184985
8 7 8 33363.00939272641
9 7 8 36264.140644267842
10 7 8 39165.271895809266
11 7 8 42066.403147350691
12 7 8 44967.534398892123
13 7 8 47868.665650433548
14 7 8 50769.796901974973
15 7 8 53670.928153516405
16 7 8 56572.059405057829
1 8 8 13055.090631936422
2 8 8 15956.221883477849
3 8 8 18857.353135019275
4 8 8 21758.484386560704
5 8 8 24659.615638102132
6 8 8 27560.74688964356
7 8 8 30461.878141184985
8 8 8 33363.00939272641
9 8 8 36264.140644267842
10 8 8 39165.271895809266
11 8 8 42066.403147350691
12 8 8 44967.534398892123
13 8 8 47868.665650433548
14 8 8 50769.796901974973
15 8 8 53670.928153516405
16 8 8 56572.059405057829
1 9 8 13055.090631936422
2 9 8 15956.221883477849
3 9 8 18857.353135019275
4 9 8 21758.484386560704
5 9 8 24659.615638102132
6 9 8 27560.74688964356
7 9 8 30461.878141184985
8 9 8 33363.00939272641
9 9 8 36264.140644267842
10 9 8 39165.271895809266
11 9 8 42066.403147350691
12 9 8 44967.534398892123
13 9 8 47868.665650433548
14 9 8 50769.796901974973
15 9 8 53670.928153516405
16 9 8 56572.059405057829
1 10 8 13055.090631936422
2 10 8 15956.221883477849
3 10 8 18857.353135019275
4 10 8 21758.484386560704
5 10 8 24659.615638102132
6 10 8 27560.74688964356
7 10 8 30461.878141184985
8 10 8 33363.00939272641
9 10 8 36264.140644267842
10 10 8 39165.271895809266
11 10 8 42066.403147350691
12 10 8 44967.534398892123
13 10 8 47868.665650433548
14 10 8 50769.796901974973
15 10 8 53670.928153516405
16 10 8 56572.059405057829
1 11 8 13055.090631936422
2 11 8 15956.221883477849
3 11 8 18857.353135019275
4 11 8 21758.484386560704
5 11 8 24659.615638102132
6 11 8 27560.74688964356
7 11 8 30461.878141184985
8 11 8 33363.00939272641
9 11 8 36264.140644267842
10 11 8 39165.271895809266
11 11 8 42066.403147350691
12 11 8 44967.534398892123
13 11 8 47868.665650433548
14 11 8 50769.796901974973
15 11 8 53670.928153516405
16 11 8 56572.059405057829
1 12 8 13055.090631936422
2 12 8 15956.221883477849
3 12 8 18857.353135019275
4 12 8 21758.484386560704
5 12 8 24659.615638102132
6 12 8 27560.74688964356
7 12 8 30461.878141184985
8 12 8 33363.00939272641
9 12 8 36264.140644267842
10 12 8 39165.271895809266
11 12 8 42066.403147350691
12 12 8 44967.534398892123
13 12 8 47868.665650433548
14 12 8 50769.796901974973
15 12 8 53670.928153516405
16 12 8 56572.059405057829
1 13 8 13055.090631936422
2 13 8 15956.221883477849
3 13 8 18857.353135019275
4 13 8 21758.484386560704
5 13 8 24659.615638102132
6 13 8 27560.74688964356
7 13 8 30461.878141184985
8 13 8 33363.00939272641
9 13 8 36264.140644267842
10 13 8 39165.271895809266
11 13 8 42066.403147350691
12 13 8 44967.534398892123
13 13 8 47868.665650433548
14 13 8 50769.796901974973
15 13 8 53670.928153516405
16 13 8 56572.059405057829
1 14 8 13055.090631936422
2 14 8 15956.221883477849
3 14 8 18857.353135019275
4 14 8 21758.484386560704
5 14 8 24659.615638102132
6 14 8 27560.74688964356
7 14 8 30461.878141184985
8 14 8 33363.00939272641
9 14 8 36264.140644267842
10 14 8 39165.271895809266
11 14 8 42066.403147350691
12 14 8 44967.534398892123
13 14 8 47868.665650433548
14 14 8 50769.796901974973
15 14 8 53670.928153516405
16 14 8 56572.059405057829
1 15 8 13055.090631936422
2 15 8 15956.221883477849
3 15 8 18857.353135019275
4 15 8 21758.484386560704
5 15 8 24659.615638102132
6 15 8 27560.74688964356
7 15 8 30461.878141184985
8 15 8 33363.00939272641
9 15 8 36264.140644267842
10 15 8 39165.271895809266
11 15 8 42066.403147350691
12 15 8 44967.534398892123
13 15 8 47868.665650433548
14 15 8 50769.796901974973
15 15 8 53670.928153516405
16 15 8 56572.059405057829
1 16 8 13055.090631936422
2 16 8 15956.221883477849
3 16 8 18857.353135019275
4 16 8 21758.484386560704
5 16 8 24659.615638102132
6 16 8 27560.74688964356
7 16 8 30461.878141184985
8 16 8 33363.00939272641
9 16 8 36264.140644267842
10 16 8 39165.271895809266
11 16 8 42066.403147350691
12 16 8 44967.534398892123
13 16 8 47868.665650433548
14 16 8 50769.796901974973
15 16 8 53670.928153516405
16 16 8 56572.059405057829
1 1 9 13055.090631936422
2 1 9 15956.221883477849
3 1 9 18857.353135019275
4 1 9 21758.484386560704
5 1 9 24659.615638102132
6 1 9 27560.74688964356
7 1 9 30461.878141184985
8 1 9 33363.00939272641
9 1 9 36264.140644267842
10 1 9 39165.271895809266
11 1 9 42066.403147350691
12 1 9 44967.534398892123
13 1 9 47868.665650433548
14 1 9 50769.796901974973
15 1 9 53670.928153516405
16 1 9 56572.059405057829
1 2 9 13055.090631936422
2 2 9 15956.221883477849
3 2 9 18857.353135019275
4 2 9 21758.484386560704
5 2 9 24659.615638102132
6 2 9 27560.74688964356
7 2 9 30461.878141184985
8 2 9 33363.00939272641
9 2 9 36264.140644267842
10 2 9 39165.271895809266
11 2 9 42066.403147350691
12 2 9 44967.534398892123
13 2 9 47868.665650433548
14 2 9 50769.796901974973
15 2 9 53670.928153516405
16 2 9 56572.059405057829
1 3 9 13055.090631936422
2 3 9 15956.221883477849
3 3 9 18857.353135019275
4 3 9 21758.484386560704
5 3 9 24659.615638102132
6 3 9 27560.74688964356
7 3 9 30461.878141184985
8 3 9 33363.00939272641
9 3 9 36264.140644267842
10 3 9 39165.271895809266
11 3 9 42066.403147350691
12 3 9 44967.534398892123
13 3 9 47868.665650433548
14 3 9 50769.796901974973
15 3 9 53670.928153516405
16 3 9 56572.059405057829
1 4 9 13055.090631936422
2 4 9 15956.221883477849
3 4 9 18857.353135019275
4 4 9 21758.484386560704
5 4 9 24659.615638102132
6 4 9 27560.74688964356
7 4 9 30461.878141184985
8 4 9 33363.00939272641
9 4 9 36264.140644267842
10 4 9 39165.271895809266
11 4 9 42066.403147350691
12 4 9 44967.534398892123
13 4 9 47868.665650433548
14 4 9 50769.796901974973
15 4 9 53670.928153516405
16 4 9 56572.059405057829
1 5 9 13055.090631936422
2 5 9 15956.221883477849
3 5 9 18857.353135019275
4 5 9 21758.484386560704
5 5 9 24659.615638102132
6 5 9 27560.74688964356
7 5 9 30461.878141184985
8 5 9 33363.00939272641
9 5 9 36264.140644267842
10 5 9 39165.271895809266
11 5 9 42066.403147350691
12 5 9 44967.534398892123
13 5 9 47868.665650433548
14 5 9 50769.796901974973
15 5 9 53670.928153516405
16 5 9 56572.059405057829
1 6 9 13055.090631936422
2 6 9 15956.221883477849
3 6 9 18857.353135019275
4 6 9 21758.484386560704
5 6 9 24659.615638102132
6 6 9 27560.74688964356
7 6 9 30461.878141184985
8 6 9 33363.00939272641
9 6 9 36264.140644267842
10 6 9 39165.271895809266
11 6 9 42066.403147350691
12 6 9 44967.534398892123
13 6 9 47868.665650433548
14 6 9 50769.796901974973
15 6 9 53670.928153516405
16 6 9 56572.059405057829
1 7 9 13055.090631936422
2 7 9 15956.221883477849
3 7 9 18857.353135019275
4 7 9 21758.484386560704
5 7 9 24659.615638102132
6 7 9 27560.74688964356
7 7 9 30461.878141184985
8 7 9 33363.00939272641
9 7 9 36264.140644267842
10 7 9 39165.271895809266
11 7 9 42066.403147350691
12 7 9 44967.534398892123
13 7 9 47868.665650433548
14 7 9 50769.796901974973
15 7 9 53670.928153516405
16 7 9 56572.059405057829
1 8 9 13055.090631936422
2 8 9 15956.221883477849
3 8 9 18857.353135019275
4 8 9 21758.484386560704
5 8 9 24659.615638102132
6 8 9 27560.74688964356
7 8 9 30461.878141184985
8 8 9 33363.00939272641
9 8 9 36264.140644267842
10 8 9 39165.271895809266
11 8 9 42066.403147350691
12 8 9 44967.534398892123
13 8 9 47868.665650433548
14 8 9 50769.796901974973
15 8 9 53670.928153516405
16 8 9 56572.059405057829
1 9 9 13055.090631936422
2 9 9 15956.221883477849
3 9 9 18857.353135019275
4 9 9 21758.484386560704
5 9 9 24659.615638102132
6 9 9 27560.74688964356
7 9 9 30461.878141184985
8 9 9 33363.00939272641
9 9 9 36264.140644267842
10 9 9 39165.271895809266
11 9 9 42066.403147350691
12 9 9 44967.534398892123
13 9 9 47868.665650433548
14 9 9 50769.796901974973
15 9 9 53670.928153516405
16 9 9 56572.059405057829
1 10 9 13055.090631936422
2 10 9 15956.221883477849
3 10 9 18857.353135019275
4 10 9 21758.484386560704
5 10 9 24659.615638102132
6 10 9 27560.74688964356
7 10 9 30461.878141184985
8 10 9 33363.00939272641
9 10 9 36264.140644267842
10 10 9 39165.271895809266
11 10 9 42066.403147350691
12 10 9 44967.534398892123
13 10 9 47868.665650433548
14 10 9 50769.796901974973
15 10 9 53670.928153516405
16 10 9 56572.059405057829
1 11 9 13055.090631936422
2 11 9 15956.221883477849
3 11 9 18857.353135019275
4 11 9 21758.484386560704
5 11 9 24659.615638102132
6 11 9 27560.74688964356
7 11 9 30461.878141184985
8 11 9 33363.00939272641
9 11 9 36264.140644267842
10 11 9 39165.271895809266
11 11 9 42066.403147350691
12 11 9 44967.534398892123
13 11 9 47868.665650433548
14 11 9 50769.796901974973
15 11 9 53670.928153516405
16 11 9 56572.059405057829
1 12 9 13055.090631936422
2 12 9 15956.221883477849
3 12 9 18857.353135019275
4 12 9 21758.484386560704
5 12 9 24659.615638102132
6 12 9 27560.74688964356
7 12 9 30461.878141184985
8 12 9 33363.00939272641
9 12 9 36264.140644267842
10 12 9 39165.271895809266
11 12 9 42066.403147350691
12 12 9 44967.534398892123
13 12 9 47868.665650433548
14 12 9 50769.796901974973
15 12 9 53670.928153516405
16 12 9 56572.059405057829
1 13 9 13055.090631936422
2 13 9 15956.221883477849
3 13 9 18857.353135019275
4 13 9 21758.484386560704
5 13 9 24659.615638102132
6 13 9 27560.74688964356
7 13 9 30461.878141184985
8 13 9 33363.00939272641
9 13 9 36264.140644267842
10 13 9 39165.271895809266
11 13 9 42066.403147350691
12 13 9 44967.534398892123
13 13 9 47868.665650433548
14 13 9 50769.796901974973
15 13 9 53670.928153516405
16 13 9 56572.059405057829
1 14 9 13055.090631936422
2 14 9 15956.221883477849
3 14 9 18857.353135019275
4 14 9 21758.484386560704
5 14 9 24659.615638102132
6 14 9 27560.74688964356
7 14 9 30461.878141184985
8 14 9 33363.00939272641
9 14 9 36264.140644267842
10 14 9 39165.271895809266
11 14 9 42066.403147350691
12 14 9 44967.534398892123
13 14 9 47868.665650433548
14 14 9 50769.796901974973
15 14 9 53670.928153516405
16 14 9 56572.059405057829
1 15 9 13055.090631936422
2 15 9 15956.221883477849
3 15 9 18857.353135019275
4 15 9 21758.484386560704
5 15 9 24659.615638102132
6 15 9 27560.74688964356
7 15 9 30461.878141184985
8 15 9 33363.00939272641
9 15 9 36264.140644267842
10 15 9 39165.271895809266
11 15 9 42066.403147350691
12 15 9 44967.534398892123
13 15 9 47868.665650433548
14 15 9 50769.796901974973
15 15 9 53670.928153516405
16 15 9 56572.059405057829
1 16 9 13055.090631936422
2 16 9 15956.221883477849
3 16 9 18857.353135019275
4 16 9 21758.484386560704
5 16 9 24659.615638102132
6 16 9 27560.74688964356
7 16 9 30461.878141184985
8 16 9 33363.00939272641
9 16 9 36264.140644267842
10 16 9 39165.271895809266
11 16 9 42066.403147350691
12 16 9 44967.534398892123
13 16 9 47868.665650433548
14 16 9 50769.796901974973
15 16 9 53670.928153516405
16 16 9 56572.059405057829
1 1 10 13055.090631936422
2 1 10 15956.221883477849
3 1 10 18857.353135019275
4 1 10 21758.484386560704
5 1 10 24659.615638102132
6 1 10 27560.74688964356
7 1 10 30461.878141184985
8 1 10 33363.00939272641
9 1 10 36264.140644267842
10 1 10 39165.271895809266
11 1 10 42066.403147350691
12 1 10 44967.534398892123
13 1 10 47868.665650433548
14 1 10 50769.796901974973
15 1 10 53670.928153516405
16 1 10 56572.059405057829
1 2 10 13055.090631936422
2 2 10 15956.221883477849
3 2 10 18857.353135019275
4 2 10 21758.484386560704
5 2 10 24659.615638102132
6 2 10 27560.74688964356
7 2 10 30461.878141184985
8 2 10 33363.00939272641
9 2 10 36264.140644267842
10 2 10 39165.271895809266
11 2 10 42066.403147350691
12 2 10 44967.534398892123
13 2 10 47868.665650433548
14 2 10 50769.796901974973
15 2 10 53670.928153516405
16 2 10 56572.059405057829
1 3 10 13055.090631936422
2 3 10 15956.221883477849
3 3 10 18857.353135019275
4 3 10 21758.484386560704
5 3 10 24659.615638102132
6 3 10 27560.74688964356
7 3 10 30461.878141184985
8 3 10 33363.00939272641
9 3 10 36264.140644267842
10 3 10 39165.271895809266
11 3 10 42066.403147350691
12 3 10 44967.534398892123
13 3 10 47868.665650433548
14 3 10 50769.796901974973
15 3 10 53670.928153516405
16 3 10 56572.059405057829
1 4 10 13055.090631936422
2 4 10 15956.221883477849
3 4 10 18857.353135019275
4 4 10 21758.484386560704
5 4 10 24659.615638102132
6 4 10 27560.74688964356
7 4 10 30461.878141184985
8 4 10 33363.00939272641
9 4 10 36264.140644267842
10 4 10 39165.271895809266
11 4 10 42066.403147350691
12 4 10 44967.534398892123
13 4 10 47868.665650433548
14 4 10 50769.796901974973
15 4 10 53670.928153516405
16 4 10 56572.059405057829
1 5 10 13055.090631936422
2 5 10 15956.221883477849
3 5 10 18857.353135019275
4 5 10 21758.484386560704
5 5 10 24659.615638102132
6 5 10 27560.74688964356
7 5 10 30461.878141184985
8 5 10 33363.00939272641
9 5 10 36264.140644267842
10 5 10 39165.271895809266
11 5 10 42066.403147350691
12 5 10 44967.534398892123
13 5 10 47868.665650433548
14 5 10 50769.796901974973
15 5 10 53670.928153516405
16 5 10 56572.059405057829
1 6 10 13055.090631936422
2 6 10 15956.221883477849
3 6 10 18857.353135019275
4 6 10 21758.484386560704
5 6 10 24659.615638102132
6 6 10 27560.74688964356
7 6 10 30461.878141184985
8 6 10 33363.00939272641
9 6 10 36264.140644267842
10 6 10 39165.271895809266
11 6 10 42066.403147350691
12 6 10 44967.534398892123
13 6 10 47868.665650433548
14 6 10 50769.796901974973
15 6 10 53670.928153516405
16 6 10 56572.059405057829
1 7 10 13055.090631936422
2 7 10 15956.221883477849
3 7 10 18857.353135019275
4 7 10 21758.484386560704
5 7 10 24659.615638102132
6 7 10 27560.74688964356
7 7 10 30461.878141184985
8 7 10 33363.00939272641
9 7 10 36264.140644267842
10 7 10 39165.271895809266
11 7 10 42066.403147350691
12 7 10 44967.534398892123
13 7 10 47868.665650433548
14 7 10 50769.796901974973
15 7 10 53670.928153516405
16 7 10 56572.059405057829
1 8 10 13055.090631936422
2 8 10 15956.221883477849
3 8 10 18857.353135019275
4 8 10 21758.484386560704
5 8 10 24659.615638102132
6 8 10 27560.74688964356
7 8 10 30461.878141184985
8 8 10 33363.00939272641
9 8 10 36264.140644267842
10 8 10 39165.271895809266
11 8 10 42066.403147350691
12 8 10 44967.534398892123
13 8 10 47868.665650433548
14 8 10 50769.796901974973
15 8 10 53670.928153516405
16 8 10 56572.059405057829
1 9 10 13055.090631936422
2 9 10 15956.221883477849
3 9 10 18857.353135019275
4 9 10 21758.484386560704
5 9 10 24659.615638102132
6 9 10 27560.74688964356
7 9 10 30461.878141184985
8 9 10 33363.00939272641
9 9 10 36264.140644267842
10 9 10 39165.271895809266
11 9 10 42066.403147350691
12 9 10 44967.534398892123
13 9 10 47868.665650433548
14 9 10 50769.796901974973
15 9 10 53670.928153516405
16 9 10 56572.059405057829
1 10 10 13055.090631936422
2 10 10 15956.221883477849
3 10 10 18857.353135019275
4 10 10 21758.484386560704
5 10 10 24659.615638102132
6 10 10 27560.74688964356
7 10 10 30461.878141184985
8 10 10 33363.00939272641
9 10 10 36264.140644267842
10 10 10 39165.271895809266
11 10 10 42066.403147350691
12 10 10 44967.534398892123
13 10 10 47868.665650433548
14 10 10 50769.796901974973
15 10 10 53670.928153516405
16 10 10 56572.059405057829
1 11 10 13055.090631936422
2 11 10 15956.221883477849
3 11 10 18857.353135019275
4 11 10 21758.484386560704
5 11 10 24659.615638102132
6 11 10 27560.74688964356
7 11 10 30461.878141184985
8 11 10 33363.00939272641
9 11 10 36264.140644267842
10 11 10 39165.271895809266
11 11 10 42066.403147350691
12 11 10 44967.534398892123
13 11 10 47868.665650433548
14 11 10 50769.796901974973
15 11 10 53670.928153516405
16 11 10 56572.059405057829
1 12 10 13055.090631936422
2 12 10 15956.221883477849
3 12 10 18857.353135019275
4 12 10 21758.484386560704
5 12 10 24659.615638102132
6 12 10 27560.74688964356
7 12 10 30461.878141184985
8 12 10 33363.00939272641
9 12 10 36264.140644267842
10 12 10 39165.271895809266
11 12 10 42066.403147350691
12 12 10 44967.534398892123
13 12 10 47868.665650433548
14 12 10 50769.796901974973
15 12 10 53670.928153516405
16 12 10 56572.059405057829
1 13 10 13055.090631936422
2 13 10 15956.221883477849
3 13 10 18857.353135019275
4 13 10 21758.484386560704
5 13 10 24659.615638102132
6 13 10 27560.74688964356
7 13 10 30461.878141184985
8 13 10 33363.00939272641
9 13 10 36264.140644267842
10 13 10 39165.271895809266
11 13 10 42066.403147350691
12 13 10 44967.534398892123
13 13 10 47868.665650433548
14 13 10 50769.796901974973
15 13 10 53670.928153516405
16 13 10 56572.059405057829
1 14 10 13055.090631936422
2 14 10 15956.221883477849
3 14 10 18857.353135019275
4 14 10 21758.484386560704
5 14 10 24659.615638102132
6 14 10 27560.74688964356
7 14 10 30461.878141184985
8 14 10 33363.00939272641
9 14 10 36264.140644267842
10 14 10 39165.271895809266
11 14 10 42066.403147350691
12 14 10 44967.534398892123
13 14 10 47868.665650433548
14 14 10 50769.796901974973
15 14 10 53670.928153516405
16 14 10 56572.059405057829
1 15 10 13055.090631936422
2 15 10 15956.221883477849
3 15 10 18857.353135019275
4 15 10 21758.484386560704
5 15 10 24659.615638102132
6 15 10 27560.74688964356
7 15 10 30461.878141184985
8 15 10 33363.00939272641
9 15 10 36264.140644267842
10 15 10 39165.271895809266
11 15 10 42066.403147350691
12 15 10 44967.534398892123
13 15 10 47868.665650433548
14 15 10 50769.796901974973
15 15 10 53670.928153516405
16 15 10 56572.059405057829
1 16 10 13055.090631936422
2 16 10 15956.221883477849
3 16 10 18857.353135019275
4 16 10 21758.484386560704
5 16 10 24659.615638102132
6 16 10 27560.74688964356
7 16 10 30461.878141184985
8 16 10 33363.00939272641
9 16 10 36264.140644267842
10 16 10 39165.271895809266
11 16 10 42066.403147350691
12 16 10 44967.534398892123
13 16 10 47868.665650433548
14 16 10 50769.796901974973
15 16 10 53670.928153516405
16 16 10 56572.059405057829
1 1 11 13055.090631936422
2 1 11 15956.221883477849
3 1 11 18857.353135019275
4 1 11 21758.484386560704
5 1 11 24659.615638102132
6 1 11 27560.74688964356
7 1 11 30461.878141184985
8 1 11 33363.00939272641
9 1 11 36264.140644267842
10 1 11 39165.271895809266
11 1 11 42066.403147350691
12 1 11 44967.534398892123
13 1 11 47868.665650433548
14 1 11 50769.796901974973
15 1 11 53670.928153516405
16 1 11 56572.059405057829
1 2 11 13055.090631936422
2 2 11 15956.221883477849
3 2 11 18857.353135019275
4 2 11 21758.484386560704
5 2 11 24659.615638102132
6 2 11 27560.74688964356
7 2 11 30461.878141184985
8 2 11 33363.00939272641
9 2 11 36264.140644267842
10 2 11 39165.271895809266
11 2 11 42066.403147350691
12 2 11 44967.534398892123
13 2 11 47868.665650433548
14 2 11 50769.796901974973
15 2 11 53670.928153516405
16 2 11 56572.059405057829
1 3 11 13055.090631936422
2 3 11 15956.221883477849
3 3 11 18857.353135019275
4 3 11 21758.484386560704
5 3 11 24659.615638102132
6 3 11 27560.74688964356
7 3 11 30461.878141184985
8 3 11 33363.00939272641
9 3 11 36264.140644267842
10 3 11 39165.271895809266
11 3 11 42066.403147350691
12 3 11 44967.534398892123
13 3 11 47868.665650433548
14 3 11 50769.796901974973
15 3 11 53670.928153516405
16 3 11 56572.059405057829
1 4 11 13055.090631936422
2 4 11 15956.221883477849
3 4 11 18857.353135019275
4 4 11 21758.484386560704
5 4 11 24659.615638102132
6 4 11 27560.74688964356
7 4 11 30461.878141184985
8 4 11 33363.00939272641
9 4 11 36264.140644267842
10 4 11 39165.271895809266
11 4 11 42066.403147350691
12 4 11 44967.534398892123
13 4 11 47868.665650433548
14 4 11 50769.796901974973
15 4 11 53670.928153516405
16 4 11 56572.059405057829
1 5 11 13055.090631936422
2 5 11 15956.221883477849
3 5 11 18857.353135019275
4 5 11 21758.484386560704
5 5 11 24659.615638102132
6 5 11 27560.74688964356
7 5 11 30461.878141184985
8 5 11 33363.00939272641
9 5 11 36264.140644267842
10 5 11 39165.271895809266
11 5 11 42066.403147350691
12 5 11 44967.534398892123
13 5 11 47868.665650433548
14 5 11 50769.796901974973
15 5 11 53670.928153516405
16 5 11 56572.059405057829
1 6 11 13055.090631936422
2 6 11 15956.221883477849
3 6 11 18857.353135019275
4 6 11 21758.484386560704
5 6 11 24659.615638102132
6 6 11 27560.74688964356
7 6 11 30461.878141184985
8 6 11 33363.00939272641
9 6 11 36264.140644267842
10 6 11 39165.271895809266
11 6 11 42066.403147350691
12 6 11 44967.534398892123
13 6 11 47868.665650433548
14 6 11 50769.796901974973
15 6 11 53670.928153516405
16 6 11 56572.059405057829
1 7 11 13055.090631936422
2 7 11 15956.221883477849
3 7 11 18857.353135019275
4 7 11 21758.484386560704
5 7 11 24659.615638102132
6 7 11 27560.74688964356
7 7 11 30461.878141184985
8 7 11 33363.00939272641
9 7 11 36264.140644267842
10 7 11 39165.271895809266
11 7 11 42066.403147350691
12 7 11 44967.534398892123
13 7 11 47868.665650433548
14 7 11 50769.796901974973
15 7 11 53670.928153516405
16 7 11 56572.059405057829
1 8 11 13055.090631936422
2 8 11 15956.221883477849
3 8 11 18857.353135019275
4 8 11 21758.484386560704
5 8 11 24659.615638102132
6 8 11 27560.74688964356
7 8 11 30461.878141184985
8 8 11 33363.00939272641
9 8 11 36264.140644267842
10 8 11 39165.271895809266
11 8 11 42066.403147350691
12 8 11 44967.534398892123
13 8 11 47868.665650433548
14 8 11 50769.796901974973
15 8 11 53670.928153516405
16 8 11 56572.059405057829
1 9 11 13055.090631936422
2 9 11 15956.221883477849
3 9 11 18857.353135019275
4 9 11 21758.484386560704
5 9 11 24659.615638102132
6 9 11 27560.74688964356
7 9 11 30461.878141184985
8 9 11 33363.00939272641
9 9 11 36264.140644267842
10 9 11 39165.271895809266
11 9 11 42066.403147350691
12 9 11 44967.534398892123
13 9 11 47868.665650433548
14 9 11 50769.796901974973
15 9 11 53670.928153516405
16 9 11 56572.059405057829
1 10 11 13055.090631936422
2 10 11 15956.221883477849
3 10 11 18857.353135019275
4 10 11 21758.484386560704
5 10 11 24659.615638102132
6 10 11 27560.74688964356
7 10 11 30461.878141184985
8 10 11 33363.00939272641
9 10 11 36264.140644267842
10 10 11 39165.271895809266
11 10 11 42066.403147350691
12 10 11 44967.534398892123
13 10 11 47868.665650433548
14 10 11 50769.796901974973
15 10 11 53670.928153516405
16 10 11 56572.059405057829
1 11 11 13055.090631936422
2 11 11 15956.221883477849
3 11 11 18857.353135019275
4 11 11 21758.484386560704
5 11 11 24659.615638102132
6 11 11 27560.74688964356
7 11 11 30461.878141184985
8 11 11 33363.00939272641
9 11 11 36264.140644267842
10 11 11 39165.271895809266
11 11 11 42066.403147350691
12 11 11 44967.534398892123
13 11 11 47868.665650433548
14 11 11 50769.796901974973
15 11 11 53670.928153516405
16 11 11 56572.059405057829
1 12 11 13055.090631936422
2 12 11 15956.221883477849
3 12 11 18857.353135019275
4 12 11 21758.484386560704
5 12 11 24659.615638102132
6 12 11 27560.74688964356
7 12 11 30461.878141184985
8 12 11 33363.00939272641
9 12 11 36264.140644267842
10 12 11 39165.271895809266
11 12 11 42066.403147350691
12 12 11 44967.534398892123
13 12 11 47868.665650433548
14 12 11 50769.796901974973
15 12 11 53670.928153516405
16 12 11 56572.059405057829
1 13 11 13055.090631936422
2 13 11 15956.221883477849
3 13 11 18857.353135019275
4 13 11 21758.484386560704
5 13 11 24659.615638102132
6 13 11 27560.74688964356
7 13 11 30461.878141184985
8 13 11 33363.00939272641
9 13 11 36264.140644267842
10 13 11 39165.271895809266
11 13 11 42066.403147350691
12 13 11 44967.534398892123
13 13 11 47868.665650433548
14 13 11 50769.796901974973
15 13 11 53670.928153516405
16 13 11 56572.059405057829
1 14 11 13055.090631936422
2 14 11 15956.221883477849
3 14 11 18857.353135019275
4 14 11 21758.484386560704
5 14 11 24659.615638102132
6 14 11 27560.74688964356
7 14 11 30461.878141184985
8 14 11 33363.00939272641
9 14 11 36264.140644267842
10 14 11 39165.271895809266
11 14 11 42066.403147350691
12 14 11 44967.534398892123
13 14 11 47868.665650433548
14 14 11 50769.796901974973
15 14 11 53670.928153516405
16 14 11 56572.059405057829
1 15 11 13055.090631936422
2 15 11 15956.221883477849
3 15 11 18857.353135019275
4 15 11 21758.484386560704
5 15 11 24659.615638102132
6 15 11 27560.74688964356
7 15 11 30461.878141184985
8 15 11 33363.00939272641
9 15 11 36264.140644267842
10 15 11 39165.271895809266
11 15 11 42066.403147350691
12 15 11 44967.534398892123
13 15 11 47868.665650433548
14 15 11 50769.796901974973
15 15 11 53670.928153516405
16 15 11 56572.059405057829
1 16 11 13055.090631936422
2 16 11 15956.221883477849
3 16 11 18857.353135019275
4 16 11 21758.484386560704
5 16 11 24659.615638102132
6 16 11 27560.74688964356
7 16 11 30461.878141184985
8 16 11 33363.00939272641
9 16 11 36264.140644267842
10 16 11 39165.271895809266
11 16 11 42066.403147350691
12 16 11 44967.534398892123
13 16 11 47868.665650433548
14 16 11 50769.796901974973
15 16 11 53670.928153516405
16 16 11 56572.059405057829
1 1 12 13055.090631936422
2 1 12 15956.221883477849
3 1 12 18857.353135019275
4 1 12 21758.484386560704
5 1 12 24659.615638102132
6 1 12 27560.74688964356
7 1 12 30461.878141184985
8 1 12 33363.00939272641
9 1 12 36264.140644267842
10 1 12 39165.271895809266
11 1 12 42066.403147350691
12 1 12 44967.534398892123
13 1 12 47868.665650433548
14 1 12 50769.796901974973
15 1 12 53670.928153516405
16 1 12 56572.059405057829
1 2 12 13055.090631936422
2 2 12 15956.221883477849
3 2 12 18857.353135019275
4 2 12 21758.484386560704
5 2 12 24659.615638102132
6 2 12 27560.74688964356
7 2 12 30461.878141184985
8 2 12 33363.00939272641
9 2 12 36264.140644267842
10 2 12 39165.271895809266
11 2 12 42066.403147350691
12 2 12 44967.534398892123
13 2 12 47868.665650433548
14 2 12 50769.796901974973
15 2 12 53670.928153516405
16 2 12 56572.059405057829
1 3 12 13055.090631936422
2 3 12 15956.221883477849
3 3 12 18857.353135019275
4 3 12 21758.484386560704
5 3 12 24659.615638102132
6 3 12 27560.74688964356
7 3 12 30461.878141184985
8 3 12 33363.00939272641
9 3 12 36264.140644267842
10 3 12 39165.271895809266
11 3 12 42066.403147350691
12 3 12 44967.534398892123
13 3 12 47868.665650433548
14 3 12 50769.796901974973
15 3 12 53670.928153516405
16 3 12 56572.059405057829
1 4 12 13055.090631936422
2 4 12 15956.221883477849
3 4 12 18857.353135019275
4 4 12 21758.484386560704
5 4 12 24659.615638102132
6 4 12 27560.74688964356
7 4 12 30461.878141184985
8 4 12 33363.00939272641
9 4 12 36264.140644267842
10 4 12 39165.271895809266
11 4 12 42066.403147350691
12 4 12 44967.534398892123
13 4 12 47868.665650433548
14 4 12 50769.796901974973
15 4 12 53670.928153516405
16 4 12 56572.059405057829
1 5 12 13055.090631936422
2 5 12 15956.221883477849
3 5 12 18857.353135019275
4 5 12 21758.484386560704
5 5 12 24659.615638102132
6 5 12 27560.74688964356
7 5 12 30461.878141184985
8 5 12 33363.00939272641
9 5 12 36264.140644267842
10 5 12 39165.271895809266
11 5 12 42066.403147350691
12 5 12 44967.534398892123
13 5 12 47868.665650433548
14 5 12 50769.796901974973
15 5 12 53670.928153516405
16 5 12 56572.059405057829
1 6 12 13055.090631936422
2 6 12 15956.221883477849
3 6 12 18857.353135019275
4 6 12 21758.484386560704
5 6 12 24659.615638102132
6 6 12 27560.74688964356
7 6 12 30461.878141184985
8 6 12 33363.00939272641
9 6 12 36264.140644267842
10 6 12 39165.271895809266
11 6 12 42066.403147350691
12 6 12 44967.534398892123
13 6 12 47868.665650433548
14 6 12 50769.796901974973
15 6 12 53670.928153516405
16 6 12 56572.059405057829
1 7 12 13055.090631936422
2 7 12 15956.221883477849
3 7 12 18857.353135019275
4 7 12 21758.484386560704
5 7 12 24659.615638102132
6 7 12 27560.74688964356
7 7 12 30461.878141184985
8 7 12 33363.00939272641
9 7 12 36264.140644267842
10 7 12 39165.271895809266
11 7 12 42066.403147350691
12 7 12 44967.534398892123
13 7 12 47868.665650433548
14 7 12 50769.796901974973
15 7 12 53670.928153516405
16 7 12 56572.059405057829
1 8 12 13055.090631936422
2 8 12 15956.221883477849
3 8 12 18857.353135019275
4 8 12 21758.484386560704
5 8 12 24659.615638102132
6 8 12 27560.74688964356
7 8 12 30461.878141184985
8 8 12 33363.00939272641
9 8 12 36264.140644267842
10 8 12 39165.271895809266
11 8 12 42066.403147350691
12 8 12 44967.534398892123
13 8 12 47868.665650433548
14 8 12 50769.796901974973
15 8 12 53670.928153516405
16 8 12 56572.059405057829
1 9 12 13055.090631936422
2 9 12 15956.221883477849
3 9 12 18857.353135019275
4 9 12 21758.484386560704
5 9 12 24659.615638102132
6 9 12 27560.74688964356
7 9 12 30461.878141184985
8 9 12 33363.00939272641
9 9 12 36264.140644267842
10 9 12 39165.271895809266
11 9 12 42066.403147350691
12 9 12 44967.534398892123
13 9 12 47868.665650433548
14 9 12 50769.796901974973
15 9 12 53670.928153516405
16 9 12 56572.059405057829
1 10 12 13055.090631936422
2 10 12 15956.221883477849
3 10 12 18857.353135019275
4 10 12 21758.484386560704
5 10 12 24659.615638102132
6 10 12 27560.74688964356
7 10 12 30461.878141184985
8 10 12 33363.00939272641
9 10 12 36264.140644267842
10 10 12 39165.271895809266
11 10 12 42066.403147350691
12 10 12 44967.534398892123
13 10 12 47868.665650433548
14 10 12 50769.796901974973
15 10 12 53670.928153516405
16 10 12 56572.059405057829
1 11 12 13055.090631936422
2 11 12 15956.221883477849
3 11 12 18857.353135019275
4 11 12 21758.484386560704
5 11 12 24659.615638102132
6 11 12 27560.74688964356
7 11 12 30461.878141184985
8 11 12 33363.00939272641
9 11 12 36264.140644267842
10 11 12 39165.271895809266
11 11 12 42066.403147350691
12 11 12 44967.534398892123
13 11 12 47868.665650433548
14 11 12 50769.796901974973
15 11 12 53670.928153516405
16 11 12 56572.059405057829
1 12 12 13055.090631936422
2 12 12 15956.221883477849
3 12 12 18857.353135019275
4 12 12 21758.484386560704
5 12 12 24659.615638102132
6 12 12 27560.74688964356
7 12 12 30461.878141184985
8 12 12 33363.00939272641
9 12 12 36264.140644267842
10 12 12 39165.271895809266
11 12 12 42066.403147350691
12 12 12 44967.534398892123
13 12 12 47868.665650433548
14 12 12 50769.796901974973
15 12 12 53670.928153516405
16 12 12 56572.059405057829
1 13 12 13055.090631936422
2 13 12 15956.221883477849
3 13 12 18857.353135019275
4 13 12 21758.484386560704
5 13 12 24659.615638102132
6 13 12 27560.74688964356
7 13 12 30461.878141184985
8 13 12 33363.00939272641
9 13 12 36264.140644267842
10 13 12 39165.271895809266
11 13 12 42066.403147350691
12 13 12 44967.534398892123
13 13 12 47868.665650433548
14 13 12 50769.796901974973
15 13 12 53670.928153516405
16 13 12 56572.059405057829
1 14 12 13055.090631936422
2 14 12 15956.221883477849
3 14 12 18857.353135019275
4 14 12 21758.484386560704
5 14 12 24659.615638102132
6 14 12 27560.74688964356
7 14 12 30461.878141184985
8 14 12 33363.00939272641
9 14 12 36264.140644267842
10 14 12 39165.271895809266
11 14 12 42066.403147350691
12 14 12 44967.534398892123
13 14 12 47868.665650433548
14 14 12 50769.796901974973
15 14 12 53670.928153516405
16 14 12 56572.059405057829
1 15 12 13055.090631936422
2 15 12 15956.221883477849
3 15 12 18857.353135019275
4 15 12 21758.484386560704
5 15 12 24659.615638102132
6 15 12 27560.74688964356
7 15 12 30461.878141184985
8 15 12 33363.00939272641
9 15 12 36264.140644267842
10 15 12 39165.271895809266
11 15 12 42066.403147350691
12 15 12 44967.534398892123
13 15 12 47868.665650433548
14 15 12 50769.796901974973
15 15 12 53670.928153516405
16 15 12 56572.059405057829
1 16 12 13055.090631936422
2 16 12 15956.221883477849
3 16 12 18857.353135019275
4 16 12 21758.484386560704
5 16 12 24659.615638102132
6 16 12 27560.74688964356
7 16 12 30461.878141184985
8 16 12 33363.00939272641
9 16 12 36264.140644267842
10 16 12 39165.271895809266
11 16 12 42066.403147350691
12 16 12 44967.534398892123
13 16 12 47868.665650433548
14 16 12 50769.796901974973
15 16 12 53670.928153516405
16 16 12 56572.059405057829
1 1 13 13055.090631936422
2 1 13 15956.221883477849
3 1 13 18857.353135019275
4 1 13 21758.484386560704
5 1 13 24659.615638102132
6 1 13 27560.74688964356
7 1 13 30461.878141184985
8 1 13 33363.00939272641
9 1 13 36264.140644267842
10 1 13 39165.271895809266
11 1 13 42066.403147350691
12 1 13 44967.534398892123
13 1 13 47868.665650433548
14 1 13 50769.796901974973
15 1 13 53670.928153516405
16 1 13 56572.059405057829
1 2 13 13055.090631936422
2 2 13 15956.221883477849
3 2 13 18857.353135019275
4 2 13 21758.484386560704
5 2 13 24659.615638102132
6 2 13 27560.74688964356
7 2 13 30461.878141184985
8 2 13 33363.00939272641
9 2 13 36264.140644267842
10 2 13 39165.271895809266
11 2 13 42066.403147350691
12 2 13 44967.534398892123
13 2 13 47868.665650433548
14 2 13 50769.796901974973
15 2 13 53670.928153516405
16 2 13 56572.059405057829
1 3 13 13055.090631936422
2 3 13 15956.221883477849
3 3 13 18857.353135019275
4 3 13 21758.484386560704
5 3 13 24659.615638102132
6 3 13 27560.74688964356
7 3 13 30461.878141184985
8 3 13 33363.00939272641
9 3 13 36264.140644267842
10 3 13 39165.271895809266
11 3 13 42066.403147350691
12 3 13 44967.534398892123
13 3 13 47868.665650433548
14 3 13 50769.796901974973
15 3 13 53670.928153516405
16 3 13 56572.059405057829
1 4 13 13055.090631936422
2 4 13 15956.221883477849
3 4 13 18857.353135019275
4 4 13 21758.484386560704
5 4 13 24659.615638102132
6 4 13 27560.74688964356
7 4 13 30461.878141184985
8 4 13 33363.00939272641
9 4 13 36264.140644267842
10 4 13 39165.271895809266
11 4 13 42066.403147350691
12 4 13 44967.534398892123
13 4 13 47868.665650433548
14 4 13 50769.796901974973
15 4 13 53670.928153516405
16 4 13 56572.059405057829
1 5 13 13055.090631936422
2 5 13 15956.221883477849
3 5 13 18857.353135019275
4 5 13 21758.484386560704
5 5 13 24659.615638102132
6 5 13 27560.74688964356
7 5 13 30461.878141184985
8 5 13 33363.00939272641
9 5 13 36264.140644267842
10 5 13 39165.271895809266
11 5 13 42066.403147350691
12 5 13 44967.534398892123
13 5 13 47868.665650433548
14 5 13 50769.796901974973
15 5 13 53670.928153516405
16 5 13 56572.059405057829
1 6 13 13055.090631936422
2 6 13 15956.221883477849
3 6 13 18857.353135019275
4 6 13 21758.484386560704
5 6 13 24659.615638102132
6 6 13 27560.74688964356
7 6 13 30461.878141184985
8 6 13 33363.00939272641
9 6 13 36264.140644267842
10 6 13 39165.271895809266
11 6 13 42066.403147350691
12 6 13 44967.534398892123
13 6 13 47868.665650433548
14 6 13 50769.796901974973
15 6 13 53670.928153516405
16 6 13 56572.059405057829
1 7 13 13055.090631936422
2 7 13 15956.221883477849
3 7 13 18857.353135019275
4 7 13 21758.484386560704
5 7 13 24659.615638102132
6 7 13 27560.74688964356
7 7 13 30461.878141184985
8 7 13 33363.00939272641
9 7 13 36264.140644267842
10 7 13 39165.271895809266
11 7 13 42066.403147350691
12 7 13 44967.534398892123
13 7 13 47868.665650433548
14 7 13 50769.796901974973
15 7 13 53670.928153516405
16 7 13 56572.059405057829
1 8 13 13055.090631936422
2 8 13 15956.221883477849
3 8 13 18857.353135019275
4 8 13 21758.484386560704
5 8 13 24659.615638102132
6 8 13 27560.74688964356
7 8 13 30461.878141184985
8 8 13 33363.00939272641
9 8 13 36264.140644267842
10 8 13 39165.271895809266
11 8 13 42066.403147350691
12 8 13 44967.534398892123
13 8 13 47868.665650433548
14 8 13 50769.796901974973
15 8 13 53670.928153516405
16 8 13 56572.059405057829
1 9 13 13055.090631936422
2 9 13 15956.221883477849
3 9 13 18857.353135019275
4 9 13 21758.484386560704
5 9 13 24659.615638102132
6 9 13 27560.74688964356
7 9 13 30461.878141184985
8 9 13 33363.00939272641
9 9 13 36264.140644267842
10 9 13 39165.271895809266
11 9 13 42066.403147350691
12 9 13 44967.534398892123
13 9 13 47868.665650433548
14 9 13 50769.796901974973
15 9 13 53670.928153516405
16 9 13 56572.059405057829
1 10 13 13055.090631936422
2 10 13 15956.221883477849
3 10 13 18857.353135019275
4 10 13 21758.484386560704
5 10 13 24659.615638102132
6 10 13 27560.74688964356
7 10 13 30461.878141184985
8 10 13 33363.00939272641
9 10 13 36264.140644267842
10 10 13 39165.271895809266
11 10 13 42066.403147350691
12 10 13 44967.534398892123
13 10 13 47868.665650433548
14 10 13 50769.796901974973
15 10 13 53670.928153516405
16 10 13 56572.059405057829
1 11 13 13055.090631936422
2 11 13 15956.221883477849
3 11 13 18857.353135019275
4 11 13 21758.484386560704
5 11 13 24659.615638102132
6 11 13 27560.74688964356
7 11 13 30461.878141184985
8 11 13 33363.00939272641
9 11 13 36264.140644267842
10 11 13 39165.271895809266
11 11 13 42066.403147350691
12 11 13 44967.534398892123
13 11 13 47868.665650433548
14 11 13 50769.796901974973
15 11 13 53670.928153516405
16 11 13 56572.059405057829
1 12 13 13055.090631936422
2 12 13 15956.221883477849
3 12 13 18857.353135019275
4 12 13 21758.484386560704
5 12 13 24659.615638102132
6 12 13 27560.74688964356
7 12 13 30461.878141184985
8 12 13 33363.00939272641
9 12 13 36264.140644267842
10 12 13 39165.271895809266
11 12 13 42066.403147350691
12 12 13 44967.534398892123
13 12 13 47868.665650433548
14 12 13 50769.796901974973
15 12 13 53670.928153516405
16 12 13 56572.059405057829
1 13 13 13055.090631936422
2 13 13 15956.221883477849
3 13 13 18857.353135019275
4 13 13 21758.484386560704
5 13 13 24659.615638102132
6 13 13 27560.74688964356
7 13 13 30461.878141184985
8 13 13 33363.00939272641
9 13 13 36264.140644267842
10 13 13 39165.271895809266
11 13 13 42066.403147350691
12 13 13 44967.534398892123
13 13 13 47868.665650433548
14 13 13 50769.796901974973
15 13 13 53670.928153516405
16 13 13 56572.059405057829
1 14 13 13055.090631936422
2 14 13 15956.221883477849
3 14 13 18857.353135019275
4 14 13 21758.484386560704
5 14 13 24659.615638102132
6 14 13 27560.74688964356
7 14 13 30461.878141184985
8 14 13 33363.00939272641
9 14 13 36264.140644267842
10 14 13 39165.271895809266
11 14 13 42066.403147350691
12 14 13 44967.534398892123
13 14 13 47868.665650433548
14 14 13 50769.796901974973
15 14 13 53670.928153516405
16 14 13 56572.059405057829
1 15 13 13055.090631936422
2 15 13 15956.221883477849
3 15 13 18857.353135019275
4 15 13 21758.484386560704
5 15 13 24659.615638102132
6 15 13 27560.74688964356
7 15 13 30461.878141184985
8 15 13 33363.00939272641
9 15 13 36264.140644267842
10 15 13 39165.271895809266
11 15 13 42066.403147350691
12 15 13 44967.534398892123
13 15 13 47868.665650433548
14 15 13 50769.796901974973
15 15 13 53670.928153516405
16 15 13 56572.059405057829
1 16 13 13055.090631936422
2 16 13 15956.221883477849
3 16 13 18857.353135019275
4 16 13 21758.484386560704
5 16 13 24659.615638102132
6 16 13 27560.74688964356
7 16 13 30461.878141184985
8 16 13 33363.00939272641
9 16 13 36264.140644267842
10 16 13 39165.271895809266
11 16 13 42066.403147350691
12 16 13 44967.534398892123
13 16 13 47868.665650433548
14 16 13 50769.796901974973
15 16 13 53670.928153516405
16 16 13 56572.059405057829
1 1 14 13055.090631936422
2 1 14 15956.221883477849
3 1 14 18857.353135019275
4 1 14 21758.484386560704
5 1 14 24659.615638102132
6 1 14 27560.74688964356
7 1 14 30461.878141184985
8 1 14 33363.00939272641
9 1 14 36264.140644267842
10 1 14 39165.271895809266
11 1 14 42066.403147350691
12 1 14 44967.534398892123
13 1 14 47868.665650433548
14 1 14 50769.796901974973
15 1 14 53670.928153516405
16 1 14 56572.059405057829
1 2 14 13055.090631936422
2 2 14 15956.221883477849
3 2 14 18857.353135019275
4 2 14 21758.484386560704
5 2 14 24659.615638102132
6 2 14 27560.74688964356
7 2 14 30461.878141184985
8 2 14 33363.00939272641
9 2 14 36264.140644267842
10 2 14 39165.271895809266
11 2 14 42066.403147350691
12 2 14 44967.534398892123
13 2 14 47868.665650433548
14 2 14 50769.796901974973
15 2 14 53670.928153516405
16 2 14 56572.059405057829
1 3 14 13055.090631936422
2 3 14 15956.221883477849
3 3 14 18857.353135019275
4 3 14 21758.484386560704
5 3 14 24659.615638102132
6 3 14 27560.74688964356
7 3 14 30461.878141184985
8 3 14 33363.00939272641
9 3 14 36264.140644267842
10 3 14 39165.271895809266
11 3 14 42066.403147350691
12 3 14 44967.534398892123
13 3 14 47868.665650433548
14 3 14 50769.796901974973
15 3 14 53670.928153516405
16 3 14 56572.059405057829
1 4 14 13055.090631936422
2 4 14 15956.221883477849
3 4 14 18857.353135019275
4 4 14 21758.484386560704
5 4 14 24659.615638102132
6 4 14 27560.74688964356
7 4 14 30461.878141184985
8 4 14 33363.00939272641
9 4 14 36264.140644267842
10 4 14 39165.271895809266
11 4 14 42066.403147350691
12 4 14 44967.534398892123
13 4 14 47868.665650433548
14 4 14 50769.796901974973
15 4 14 53670.928153516405
16 4 14 56572.059405057829
1 5 14 13055.090631936422
2 5 14 15956.221883477849
3 5 14 18857.353135019275
4 5 14 21758.484386560704
5 5 14 24659.615638102132
6 5 14 27560.74688964356
7 5 14 30461.878141184985
8 5 14 33363.00939272641
9 5 14 36264.140644267842
10 5 14 39165.271895809266
11 5 14 42066.403147350691
12 5 14 44967.534398892123
13 5 14 47868.665650433548
14 5 14 50769.796901974973
15 5 14 53670.928153516405
16 5 14 56572.059405057829
1 6 14 13055.090631936422
2 6 14 15956.221883477849
3 6 14 18857.353135019275
4 6 14 21758.484386560704
5 6 14 24659.615638102132
6 6 14 27560.74688964356
7 6 14 30461.878141184985
8 6 14 33363.00939272641
9 6 14 36264.140644267842
10 6 14 39165.271895809266
11 6 14 42066.403147350691
12 6 14 44967.534398892123
13 6 14 47868.665650433548
14 6 14 50769.796901974973
15 6 14 53670.928153516405
16 6 14 56572.059405057829
1 7 14 13055.090631936422
2 7 14 15956.221883477849
3 7 14 18857.353135019275
4 7 14 21758.484386560704
5 7 14 24659.615638102132
6 7 14 27560.74688964356
7 7 14 30461.878141184985
8 7 14 33363.00939272641
9 7 14 36264.140644267842
10 7 14 39165.271895809266
11 7 14 42066.403147350691
12 7 14 44967.534398892123
13 7 14 47868.665650433548
14 7 14 50769.796901974973
15 7 14 53670.928153516405
16 7 14 56572.059405057829
1 8 14 13055.090631936422
2 8 14 15956.221883477849
3 8 14 18857.353135019275
4 8 14 21758.484386560704
5 8 14 24659.615638102132
6 8 14 27560.74688964356
7 8 14 30461.878141184985
8 8 14 33363.00939272641
9 8 14 36264.140644267842
10 8 14 39165.271895809266
11 8 14 42066.403147350691
12 8 14 44967.534398892123
13 8 14 47868.665650433548
14 8 14 50769.796901974973
15 8 14 53670.928153516405
16 8 14 56572.059405057829
1 9 14 13055.090631936422
2 9 14 15956.221883477849
3 9 14 18857.353135019275
4 9 14 21758.484386560704
5 9 14 24659.615638102132
6 9 14 27560.74688964356
7 9 14 30461.878141184985
8 9 14 33363.00939272641
9 9 14 36264.140644267842
10 9 14 39165.271895809266
11 9 14 42066.403147350691
12 9 14 44967.534398892123
13 9 14 47868.665650433548
14 9 14 50769.796901974973
15 9 14 53670.928153516405
16 9 14 56572.059405057829
1 10 14 13055.090631936422
2 10 14 15956.221883477849
3 10 14 18857.353135019275
4 10 14 21758.484386560704
5 10 14 24659.615638102132
6 10 14 27560.74688964356
7 10 14 30461.878141184985
8 10 14 33363.00939272641
9 10 14 36264.140644267842
10 10 14 39165.271895809266
11 10 14 42066.403147350691
12 10 14 44967.534398892123
13 10 14 47868.665650433548
14 10 14 50769.796901974973
15 10 14 53670.928153516405
16 10 14 56572.059405057829
1 11 14 13055.090631936422
2 11 14 15956.221883477849
3 11 14 18857.353135019275
4 11 14 21758.484386560704
5 11 14 24659.615638102132
6 11 14 27560.74688964356
7 11 14 30461.878141184985
8 11 14 33363.00939272641
9 11 14 36264.140644267842
10 11 14 39165.271895809266
11 11 14 42066.403147350691
12 11 14 44967.534398892123
13 11 14 47868.665650433548
14 11 14 50769.796901974973
15 11 14 53670.928153516405
16 11 14 56572.059405057829
1 12 14 13055.090631936422
2 12 14 15956.221883477849
3 12 14 18857.353135019275
4 12 14 21758.484386560704
5 12 14 24659.615638102132
6 12 14 27560.74688964356
7 12 14 30461.878141184985
8 12 14 33363.00939272641
9 12 14 36264.140644267842
10 12 14 39165.271895809266
11 12 14 42066.403147350691
12 12 14 44967.534398892123
13 12 14 47868.665650433548
14 12 14 50769.796901974973
15 12 14 53670.928153516405
16 12 14 56572.059405057829
1 13 14 13055.090631936422
2 13 14 15956.221883477849
3 13 14 18857.353135019275
4 13 14 21758.484386560704
5 13 14 24659.615638102132
6 13 14 27560.74688964356
7 13 14 30461.878141184985
8 13 14 33363.00939272641
9 13 14 36264.140644267842
10 13 14 39165.271895809266
11 13 14 42066.403147350691
12 13 14 44967.534398892123
13 13 14 47868.665650433548
14 13 14 50769.796901974973
15 13 14 53670.928153516405
16 13 14 56572.059405057829
1 14 14 13055.090631936422
2 14 14 15956.221883477849
3 14 14 18857.353135019275
4 14 14 21758.484386560704
5 14 14 24659.615638102132
6 14 14 27560.74688964356
7 14 14 30461.878141184985
8 14 14 33363.00939272641
9 14 14 36264.140644267842
10 14 14 39165.271895809266
11 14 14 42066.403147350691
12 14 14 44967.534398892123
13 14 14 47868.665650433548
14 14 14 50769.796901974973
15 14 14 53670.928153516405
16 14 14 56572.059405057829
1 15 14 13055.090631936422
2 15 14 15956.221883477849
3 15 14 18857.353135019275
4 15 14 21758.484386560704
5 15 14 24659.615638102132
6 15 14 27560.74688964356
7 15 14 30461.878141184985
8 15 14 33363.00939272641
9 15 14 36264.140644267842
10 15 14 39165.271895809266
11 15 14 42066.403147350691
12 15 14 44967.534398892123
13 15 14 47868.665650433548
14 15 14 50769.796901974973
15 15 14 53670.928153516405
16 15 14 56572.059405057829
1 16 14 13055.090631936422
2 16 14 15956.221883477849
3 16 14 18857.353135019275
4 16 14 21758.484386560704
5 16 14 24659.615638102132
6 16 14 27560.74688964356
7 16 14 30461.878141184985
8 16 14 33363.00939272641
9 16 14 36264.140644267842
10 16 14 39165.271895809266
11 16 14 42066.403147350691
12 16 14 44967.534398892123
13 16 14 47868.665650433548
14 16 14 50769.796901974973
15 16 14 53670.928153516405
16 16 14 56572.059405057829
1 1 15 13055.090631936422
2 1 15 15956.221883477849
3 1 15 18857.353135019275
4 1 15 21758.484386560704
5 1 15 24659.615638102132
6 1 15 27560.74688964356
7 1 15 30461.878141184985
8 1 15 33363.00939272641
9 1 15 36264.140644267842
10 1 15 39165.271895809266
11 1 15 42066.403147350691
12 1 15 44967.534398892123
13 1 15 47868.665650433548
14 1 15 50769.796901974973
15 1 15 53670.928153516405
16 1 15 56572.059405057829
1 2 15 13055.090631936422
2 2 15 15956.221883477849
3 2 15 18857.353135019275
4 2 15 21758.484386560704
5 2 15 24659.615638102132
6 2 15 27560.74688964356
7 2 15 30461.878141184985
8 2 15 33363.00939272641
9 2 15 36264.140644267842
10 2 15 39165.271895809266
11 2 15 42066.403147350691
12 2 15 44967.534398892123
13 2 15 47868.665650433548
14 2 15 50769.796901974973
15 2 15 53670.928153516405
16 2 15 56572.059405057829
1 3 15 13055.090631936422
2 3 15 15956.221883477849
3 3 15 18857.353135019275
4 3 15 21758.484386560704
5 3 15 24659.615638102132
6 3 15 27560.74688964356
7 3 15 30461.878141184985
8 3 15 33363.00939272641
9 3 15 36264.140644267842
10 3 15 39165.271895809266
11 3 15 42066.403147350691
12 3 15 44967.534398892123
13 3 15 47868.665650433548
14 3 15 50769.796901974973
15 3 15 53670.928153516405
16 3 15 56572.059405057829
1 4 15 13055.090631936422
2 4 15 15956.221883477849
3 4 15 18857.353135019275
4 4 15 21758.484386560704
5 4 15 24659.615638102132
6 4 15 27560.74688964356
7 4 15 30461.878141184985
8 4 15 33363.00939272641
9 4 15 36264.140644267842
10 4 15 39165.271895809266
11 4 15 42066.403147350691
12 4 15 44967.534398892123
13 4 15 47868.665650433548
14 4 15 50769.796901974973
15 4 15 53670.928153516405
16 4 15 56572.059405057829
1 5 15 13055.090631936422
2 5 15 15956.221883477849
3 5 15 18857.353135019275
4 5 15 21758.484386560704
5 5 15 24659.615638102132
6 5 15 27560.74688964356
7 5 15 30461.878141184985
8 5 15 33363.00939272641
9 5 15 36264.140644267842
10 5 15 39165.271895809266
11 5 15 42066.403147350691
12 5 15 44967.534398892123
13 5 15 47868.665650433548
14 5 15 50769.796901974973
15 5 15 53670.928153516405
16 5 15 56572.059405057829
1 6 15 13055.090631936422
2 6 15 15956.221883477849
3 6 15 18857.353135019275
4 6 15 21758.484386560704
5 6 15 24659.615638102132
6 6 15 27560.74688964356
7 6 15 30461.878141184985
8 6 15 33363.00939272641
9 6 15 36264.140644267842
10 6 15 39165.271895809266
11 6 15 42066.403147350691
12 6 15 44967.534398892123
13 6 15 47868.665650433548
14 6 15 50769.796901974973
15 6 15 53670.928153516405
16 6 15 56572.059405057829
1 7 15 13055.090631936422
2 7 15 15956.221883477849
3 7 15 18857.353135019275
4 7 15 21758.484386560704
5 7 15 24659.615638102132
6 7 15 27560.74688964356
7 7 15 30461.878141184985
8 7 15 33363.00939272641
9 7 15 36264.140644267842
10 7 15 39165.271895809266
11 7 15 42066.403147350691
12 7 15 44967.534398892123
13 7 15 47868.665650433548
14 7 15 50769.796901974973
15 7 15 53670.928153516405
16 7 15 56572.059405057829
1 8 15 13055.090631936422
2 8 15 15956.221883477849
3 8 15 18857.353135019275
4 8 15 21758.484386560704
5 8 15 24659.615638102132
6 8 15 27560.74688964356
7 8 15 30461.878141184985
8 8 15 33363.00939272641
9 8 15 36264.140644267842
10 8 15 39165.271895809266
11 8 15 42066.403147350691
12 8 15 44967.534398892123
13 8 15 47868.665650433548
14 8 15 50769.796901974973
15 8 15 53670.928153516405
16 8 15 56572.059405057829
1 9 15 13055.090631936422
2 9 15 15956.221883477849
3 9 15 18857.353135019275
4 9 15 21758.484386560704
5 9 15 24659.615638102132
6 9 15 27560.74688964356
7 9 15 30461.878141184985
8 9 15 33363.00939272641
9 9 15 36264.140644267842
10 9 15 39165.271895809266
11 9 15 42066.403147350691
12 9 15 44967.534398892123
13 9 15 47868.665650433548
14 9 15 50769.796901974973
15 9 15 53670.928153516405
16 9 15 56572.059405057829
1 10 15 13055.090631936422
2 10 15 15956.221883477849
3 10 15 18857.353135019275
4 10 15 21758.484386560704
5 10 15 24659.615638102132
6 10 15 27560.74688964356
7 10 15 30461.878141184985
8 10 15 33363.00939272641
9 10 15 36264.140644267842
10 10 15 39165.271895809266
11 10 15 42066.403147350691
12 10 15 44967.534398892123
13 10 15 47868.665650433548
14 10 15 50769.796901974973
15 10 15 53670.928153516405
16 10 15 56572.059405057829
1 11 15 13055.090631936422
2 11 15 15956.221883477849
3 11 15 18857.353135019275
4 11 15 21758.484386560704
5 11 15 24659.615638102132
6 11 15 27560.74688964356
7 11 15 30461.878141184985
8 11 15 33363.00939272641
9 11 15 36264.140644267842
10 11 15 39165.271895809266
11 11 15 42066.403147350691
12 11 15 44967.534398892123
13 11 15 47868.665650433548
14 11 15 50769.796901974973
15 11 15 53670.928153516405
16 11 15 56572.059405057829
1 12 15 13055.090631936422
2 12 15 15956.221883477849
3 12 15 18857.353135019275
4 12 15 21758.484386560704
5 12 15 24659.615638102132
6 12 15 27560.74688964356
7 12 15 30461.878141184985
8 12 15 33363.00939272641
9 12 15 36264.140644267842
10 12 15 39165.271895809266
11 12 15 42066.403147350691
12 12 15 44967.534398892123
13 12 15 47868.665650433548
14 12 15 50769.796901974973
15 12 15 53670.928153516405
16 12 15 56572.059405057829
1 13 15 13055.090631936422
2 13 15 15956.221883477849
3 13 15 18857.353135019275
4 13 15 21758.484386560704
5 13 15 24659.615638102132
6 13 15 27560.74688964356
7 13 15 30461.878141184985
8 13 15 33363.00939272641
9 13 15 36264.140644267842
10 13 15 39165.271895809266
11 13 15 42066.403147350691
12 13 15 44967.534398892123
13 13 15 47868.665650433548
14 13 15 50769.796901974973
15 13 15 53670.928153516405
16 13 15 56572.059405057829
1 14 15 13055.090631936422
2 14 15 15956.221883477849
3 14 15 18857.353135019275
4 14 15 21758.484386560704
5 14 15 24659.615638102132
6 14 15 27560.74688964356
7 14 15 30461.878141184985
8 14 15 33363.00939272641
9 14 15 36264.140644267842
10 14 15 39165.271895809266
11 14 15 42066.403147350691
12 14 15 44967.534398892123
13 14 15 47868.665650433548
14 14 15 50769.796901974973
15 14 15 53670.928153516405
16 14 15 56572.059405057829
1 15 15 13055.090631936422
2 15 15 15956.221883477849
3 15 15 18857.353135019275
4 15 15 21758.484386560704
5 15 15 24659.615638102132
6 15 15 27560.74688964356
7 15 15 30461.878141184985
8 15 15 33363.00939272641
9 15 15 36264.140644267842
10 15 15 39165.271895809266
11 15 15 42066.403147350691
12 15 15 44967.534398892123
13 15 15 47868.665650433548
14 15 15 50769.796901974973
15 15 15 53670.928153516405
16 15 15 56572.059405057829
1 16 15 13055.090631936422
2 16 15 15956.221883477849
3 16 15 18857.353135019275
4 16 15 21758.484386560704
5 16 15 24659.615638102132
6 16 15 27560.74688964356
7 16 15 30461.878141184985
8 16 15 33363.00939272641
9 16 15 36264.140644267842
10 16 15 39165.271895809266
11 16 15 42066.403147350691
12 16 15 44967.534398892123
13 16 15 47868.665650433548
14 16 15 50769.796901974973
15 16 15 53670.928153516405
16 16 15 56572.059405057829
1 1 16 13055.090631936422
2 1 16 15956.221883477849
3 1 16 18857.353135019275
4 1 16 21758.484386560704
5 1 16 24659.615638102132
6 1 16 27560.74688964356
7 1 16 30461.878141184985
8 1 16 33363.00939272641
9 1 16 36264.140644267842
10 1 16 39165.271895809266
11 1 16 42066.403147350691
12 1 16 44967.534398892123
13 1 16 47868.665650433548
14 1 16 50769.796901974973
15 1 16 53670.928153516405
16 1 16 56572.059405057829
1 2 16 13055.090631936422
2 2 16 15956.221883477849
3 2 16 18857.353135019275
4 2 16 21758.484386560704
5 2 16 24659.615638102132
6 2 16 27560.74688964356
7 2 16 30461.878141184985
8 2 16 33363.00939272641
9 2 16 36264.140644267842
10 2 16 39165.271895809266
11 2 16 42066.403147350691
12 2 16 44967.534398892123
13 2 16 47868.665650433548
14 2 16 50769.796901974973
15 2 16 53670.928153516405
16 2 16 56572.059405057829
1 3 16 13055.090631936422
2 3 16 15956.221883477849
3 3 16 18857.353135019275
4 3 16 21758.484386560704
5 3 16 24659.615638102132
6 3 16 27560.74688964356
7 3 16 30461.878141184985
8 3 16 33363.00939272641
9 3 16 36264.140644267842
10 3 16 39165.271895809266
11 3 16 42066.403147350691
12 3 16 44967.534398892123
13 3 16 47868.665650433548
14 3 16 50769.796901974973
15 3 16 53670.928153516405
16 3 16 56572.059405057829
1 4 16 13055.090631936422
2 4 16 15956.221883477849
3 4 16 18857.353135019275
4 4 16 21758.484386560704
5 4 16 24659.615638102132
6 4 16 27560.74688964356
7 4 16 30461.878141184985
8 4 16 33363.00939272641
9 4 16 36264.140644267842
10 4 16 39165.271895809266
11 4 16 42066.403147350691
12 4 16 44967.534398892123
13 4 16 47868.665650433548
14 4 16 50769.796901974973
15 4 16 53670.928153516405
16 4 16 56572.059405057829
1 5 16 13055.090631936422
2 5 16 15956.221883477849
3 5 16 18857.353135019275
4 5 16 21758.484386560704
5 5 16 24659.615638102132
6 5 16 27560.74688964356
7 5 16 30461.878141184985
8 5 16 33363.00939272641
9 5 16 36264.140644267842
10 5 16 39165.271895809266
11 5 16 42066.403147350691
12 5 16 44967.534398892123
13 5 16 47868.665650433548
14 5 16 50769.796901974973
15 5 16 53670.928153516405
16 5 16 56572.059405057829
1 6 16 13055.090631936422
2 6 16 15956.221883477849
3 6 16 18857.353135019275
4 6 16 21758.484386560704
5 6 16 24659.615638102132
6 6 16 27560.74688964356
7 6 16 30461.878141184985
8 6 16 33363.00939272641
9 6 16 36264.140644267842
10 6 16 39165.271895809266
11 6 16 42066.403147350691
12 6 16 44967.534398892123
13 6 16 47868.665650433548
14 6 16 50769.796901974973
15 6 16 53670.928153516405
16 6 16 56572.059405057829
1 7 16 13055.090631936422
2 7 16 15956.221883477849
3 7 16 18857.353135019275
4 7 16 21758.484386560704
5 7 16 24659.615638102132
6 7 16 27560.74688964356
7 7 16 30461.878141184985
8 7 16 33363.00939272641
9 7 16 36264.140644267842
10 7 16 39165.271895809266
11 7 16 42066.403147350691
12 7 16 44967.534398892123
13 7 16 47868.665650433548
14 7 16 50769.796901974973
15 7 16 53670.928153516405
16 7 16 56572.059405057829
1 8 16 13055.090631936422
2 8 16 15956.221883477849
3 8 16 18857.353135019275
4 8 16 21758.484386560704
5 8 16 24659.615638102132
6 8 16 27560.74688964356
7 8 16 30461.878141184985
8 8 16 33363.00939272641
9 8 16 36264.140644267842
10 8 16 39165.271895809266
11 8 16 42066.403147350691
12 8 16 44967.534398892123
13 8 16 47868.665650433548
14 8 16 50769.796901974973
15 8 16 53670.928153516405
16 8 16 56572.059405057829
1 9 16 13055.090631936422
2 9 16 15956.221883477849
3 9 16 18857.353135019275
4 9 16 21758.484386560704
5 9 16 24659.615638102132
6 9 16 27560.74688964356
7 9 16 30461.878141184985
8 9 16 33363.00939272641
9 9 16 36264.140644267842
10 9 16 39165.271895809266
11 9 16 42066.403147350691
12 9 16 44967.534398892123
13 9 16 47868.665650433548
14 9 16 50769.796901974973
15 9 16 53670.928153516405
16 9 16 56572.059405057829
1 10 16 13055.090631936422
2 10 16 15956.221883477849
3 10 16 18857.353135019275
4 10 16 21758.484386560704
5 10 16 24659.615638102132
6 10 16 27560.74688964356
7 10 16 30461.878141184985
8 10 16 33363.00939272641
9 10 16 36264.140644267842
10 10 16 39165.271895809266
11 10 16 42066.403147350691
12 10 16 44967.534398892123
13 10 16 47868.665650433548
14 10 16 50769.796901974973
15 10 16 53670.928153516405
16 10 16 56572.059405057829
1 11 16 13055.090631936422
2 11 16 15956.221883477849
3 11 16 18857.353135019275
4 11 16 21758.484386560704
5 11 16 24659.615638102132
6 11 16 27560.74688964356
7 11 16 30461.878141184985
8 11 16 33363.00939272641
9 11 16 36264.140644267842
10 11 16 39165.271895809266
11 11 16 42066.403147350691
12 11 16 44967.534398892123
13 11 16 47868.665650433548
14 11 16 50769.796901974973
15 11 16 53670.928153516405
16 11 16 56572.059405057829
1 12 16 13055.090631936422
2 12 16 15956.221883477849
3 12 16 18857.353135019275
4 12 16 21758.484386560704
5 12 16 24659.615638102132
6 12 16 27560.74688964356
7 12 16 30461.878141184985
8 12 16 33363.00939272641
9 12 16 36264.140644267842
10 12 16 39165.271895809266
11 12 16 42066.403147350691
12 12 16 44967.534398892123
13 12 16 47868.665650433548
14 12 16 50769.796901974973
15 12 16 53670.928153516405
16 12 16 56572.059405057829
1 13 16 13055.090631936422
2 13 16 15956.221883477849
3 13 16 18857.353135019275
4 13 16 21758.484386560704
5 13 16 24659.615638102132
6 13 16 27560.74688964356
7 13 16 30461.878141184985
8 13 16 33363.00939272641
9 13 16 36264.140644267842
10 13 16 39165.271895809266
11 13 16 42066.403147350691
12 13 16 44967.534398892123
13 13 16 47868.665650433548
14 13 16 50769.796901974973
15 13 16 53670.928153516405
16 13 16 56572.059405057829
1 14 16 13055.090631936422
2 14 16 15956.221883477849
3 14 16 18857.353135019275
4 14 16 21758.484386560704
5 14 16 24659.615638102132
6 14 16 27560.74688964356
7 14 16 30461.878141184985
8 14 16 33363.00939272641
9 14 16 36264.140644267842
10 14 16 39165.271895809266
11 14 16 42066.403147350691
12 14 16 44967.534398892123
13 14 16 47868.665650433548
14 14 16 50769.796901974973
15 14 16 53670.928153516405
16 14 16 56572.059405057829
1 15 16 13055.090631936422
2 15 16 15956.221883477849
3 15 16 18857.353135019275
4 15 16 21758.484386560704
5 15 16 24659.615638102132
6 15 16 27560.74688964356
7 15 16 30461.878141184985
8 15 16 33363.00939272641
9 15 16 36264.140644267842
10 15 16 39165.271895809266
11 15 16 42066.403147350691
12 15 16 44967.534398892123
13 15 16 47868.665650433548
14 15 16 50769.796901974973
15 15 16 53670.928153516405
16 15 16 56572.059405057829
1 16 16 13055.090631936422
2 16 16 15956.221883477849
3 16 16 18857.353135019275
4 16 16 21758.484386560704
5 16 16 24659.615638102132
6 16 16 27560.74688964356
7 16 16 30461.878141184985
8 16 16 33363.00939272641
9 16 16 36264.140644267842
10 16 16 39165.271895809266
11 16 16 42066.403147350691
12 16 16 44967.534398892123
13 16 16 47868.665650433548
14 16 16 50769.796901974973
15 16 16 53670.928153516405
16 16 16 56572.059405057829
